City_ID,City,Lat,Lng,Max Temp,Humidity,Cloudiness,Wind Speed,Country,Date
0,Kapaa,22.0752,-159.319,82.38,73,75,3.0,US,2021-05-29 03:16:17
1,Westport,41.1415,-73.3579,50.76,94,100,1.99,US,2021-05-29 03:13:06
2,Rikitea,-23.1203,-134.9692,76.77,77,76,20.74,PF,2021-05-29 03:16:24
3,Saint-Philippe,-21.3585,55.7679,68.22,77,25,2.73,RE,2021-05-29 03:16:15
4,Albany,42.6001,-73.9662,45.09,92,100,4.61,US,2021-05-29 03:16:14
5,Paamiut,61.994,-49.6678,41.41,56,6,12.03,GL,2021-05-29 03:24:11
6,Dikson,73.5069,80.5464,25.92,81,58,4.0,RU,2021-05-29 03:16:42
7,Bredasdorp,-34.5322,20.0403,60.12,72,12,10.2,ZA,2021-05-29 03:16:54
8,Great Falls,47.5002,-111.3008,53.6,38,1,5.99,US,2021-05-29 03:22:44
9,Tateyama,34.9833,139.8667,80.15,83,100,22.75,JP,2021-05-29 03:24:11
10,Huarmey,-10.0681,-78.1522,65.97,91,24,9.69,PE,2021-05-29 03:24:11
11,Esperance,-33.8667,121.9,67.84,55,81,13.53,AU,2021-05-29 03:16:24
12,Yellowknife,62.456,-114.3525,53.33,45,7,1.99,CA,2021-05-29 03:13:04
13,Hilo,19.7297,-155.09,82.27,74,75,8.05,US,2021-05-29 03:12:14
14,Lekoni,-1.5843,14.2591,75.49,72,63,2.53,GA,2021-05-29 03:24:12
15,Mocuba,-16.8392,36.9856,58.91,95,0,3.71,MZ,2021-05-29 03:17:17
16,Anadyr,64.75,177.4833,45.1,52,0,6.38,RU,2021-05-29 03:24:12
17,Shubarkuduk,49.1447,56.4872,72.3,36,85,12.17,KZ,2021-05-29 03:24:12
18,Ponta Do Sol,32.6667,-17.1,66.83,75,100,2.62,PT,2021-05-29 03:17:30
19,Hermanus,-34.4187,19.2345,56.89,86,35,13.58,ZA,2021-05-29 03:16:26
20,New Norfolk,-42.7826,147.0587,50.72,57,6,1.01,AU,2021-05-29 03:16:22
21,Clyde River,70.4692,-68.5914,25.03,86,1,4.61,CA,2021-05-29 03:17:28
22,Ushuaia,-54.8,-68.3,29.86,93,90,14.97,AR,2021-05-29 03:16:27
23,Sabha,27.0377,14.4283,85.41,14,7,12.35,LY,2021-05-29 03:24:12
24,San Cristobal,7.7669,-72.225,66.18,95,89,2.26,VE,2021-05-29 03:16:33
25,Along,28.1667,94.7667,81.23,70,100,0.72,IN,2021-05-29 03:24:13
26,Severo-Kurilsk,50.6789,156.125,42.33,74,60,5.95,RU,2021-05-29 03:17:51
27,Lagoa,39.05,-27.9833,61.63,76,29,8.19,PT,2021-05-29 03:16:18
28,Punta Arenas,-53.15,-70.9167,35.71,75,20,21.59,CL,2021-05-29 03:12:17
29,Tual,-5.6667,132.75,81.81,78,38,22.21,ID,2021-05-29 03:24:13
30,Barrow,71.2906,-156.7887,32.02,74,90,5.75,US,2021-05-29 03:16:45
31,Pilar,-9.5972,-35.9567,71.53,72,93,3.85,BR,2021-05-29 03:24:13
32,Kaeo,-35.1,173.7833,57.33,81,100,11.88,NZ,2021-05-29 03:16:50
33,Adrar,20.5022,-10.0711,85.86,18,8,14.74,MR,2021-05-29 03:17:31
34,Caravelas,-17.7125,-39.2481,73.71,88,85,5.64,BR,2021-05-29 03:17:33
35,Carnarvon,-24.8667,113.6333,68.07,94,75,8.05,AU,2021-05-29 03:15:00
36,Port Hardy,50.6996,-127.4199,50.18,76,75,9.22,CA,2021-05-29 03:15:36
37,Vaini,-21.2,-175.2,77.16,78,75,3.44,TO,2021-05-29 03:16:15
38,Jamestown,42.097,-79.2353,44.1,97,90,8.99,US,2021-05-29 03:14:10
39,Fraserburgh,57.6874,-2.0184,44.98,89,39,10.89,GB,2021-05-29 03:16:25
40,Half Moon Bay,37.4636,-122.4286,66.02,78,90,8.05,US,2021-05-29 03:13:36
41,Hamilton,39.1834,-84.5333,52.12,92,90,5.01,US,2021-05-29 03:17:50
42,Kholm,59.2667,32.85,48.07,84,93,4.25,RU,2021-05-29 03:24:14
43,Chuy,-33.6971,-53.4616,55.17,90,24,8.84,UY,2021-05-29 03:16:19
44,Inhambane,-23.865,35.3833,64.38,88,0,11.5,MZ,2021-05-29 03:24:14
45,Bassano,50.7834,-112.4685,56.79,75,98,11.81,CA,2021-05-29 03:24:14
46,Sexsmith,55.35,-118.786,54.57,62,75,13.4,CA,2021-05-29 03:24:14
47,Turinsk,58.0458,63.696,62.67,56,48,7.7,RU,2021-05-29 03:15:27
48,Qaanaaq,77.484,-69.3632,36.32,81,97,4.74,GL,2021-05-29 03:16:35
49,Lebu,-37.6167,-73.65,50.68,86,10,6.22,CL,2021-05-29 03:16:44
50,Padang,-0.9492,100.3543,80.11,89,100,5.5,ID,2021-05-29 03:16:56
51,Kodiak,57.79,-152.4072,47.71,81,90,8.05,US,2021-05-29 03:16:21
52,Avarua,-21.2078,-159.775,78.85,65,40,9.22,CK,2021-05-29 03:16:39
53,Verkhnyaya Inta,65.9811,60.3094,46.56,66,100,13.44,RU,2021-05-29 03:24:15
54,Lorengau,-2.0226,147.2712,85.44,71,80,10.18,PG,2021-05-29 03:17:39
55,Seydisehir,37.4193,31.8453,55.53,56,26,3.62,TR,2021-05-29 03:24:15
56,Ribeira Grande,38.5167,-28.7,62.26,73,22,4.5,PT,2021-05-29 03:16:59
57,Matay,28.419,30.7792,71.53,47,0,7.25,EG,2021-05-29 03:24:15
58,Broken Hill,-31.95,141.4333,53.31,47,100,11.5,AU,2021-05-29 03:24:16
59,Mahebourg,-20.4081,57.7,74.25,88,75,3.44,MU,2021-05-29 03:16:36
60,Tuktoyaktuk,69.4541,-133.0374,30.2,86,75,8.05,CA,2021-05-29 03:16:20
61,Havre-Saint-Pierre,50.2334,-63.5986,41.36,60,1,16.11,CA,2021-05-29 03:24:16
62,Ruwi,23.5996,58.5507,92.89,34,2,2.93,OM,2021-05-29 03:24:16
63,Busselton,-33.65,115.3333,65.08,74,83,11.88,AU,2021-05-29 03:16:22
64,Bluff,-46.6,168.3333,49.8,82,99,21.16,NZ,2021-05-29 03:16:14
65,Alofi,-19.0595,-169.9187,78.69,83,33,6.91,NU,2021-05-29 03:16:45
66,East London,-33.0153,27.9116,60.57,63,2,10.65,ZA,2021-05-29 03:17:06
67,Hambantota,6.1241,81.1185,83.19,75,55,21.47,LK,2021-05-29 03:17:00
68,Mataura,-46.1927,168.8643,49.48,93,100,4.29,NZ,2021-05-29 03:16:33
69,Haines Junction,60.7522,-137.5108,53.55,30,100,11.5,CA,2021-05-29 03:24:16
70,Port Alfred,-33.5906,26.891,61.74,67,1,20.92,ZA,2021-05-29 03:16:23
71,Castro,-24.7911,-50.0119,69.15,66,51,15.23,BR,2021-05-29 03:16:19
72,Codrington,-38.2667,141.9667,55.62,59,6,8.3,AU,2021-05-29 03:17:03
73,Georgetown,5.4112,100.3354,87.75,74,20,3.44,MY,2021-05-29 03:16:51
74,Tabas,33.5959,56.9244,85.96,19,0,1.25,IR,2021-05-29 03:24:17
75,Mar Del Plata,-38.0023,-57.5575,55.0,70,40,5.01,AR,2021-05-29 03:15:00
76,Sao Joao Da Barra,-21.6403,-41.0511,73.89,93,16,17.52,BR,2021-05-29 03:17:50
77,Belaya Gora,68.5333,146.4167,59.02,31,16,19.3,RU,2021-05-29 03:17:21
78,Taoudenni,22.6783,-3.9836,94.26,7,78,9.22,ML,2021-05-29 03:21:08
79,Upernavik,72.7868,-56.1549,28.51,94,95,7.94,GL,2021-05-29 03:16:18
80,Cape Town,-33.9258,18.4232,59.88,88,26,3.0,ZA,2021-05-29 03:12:44
81,Butaritari,3.0707,172.7902,82.89,79,100,17.05,KI,2021-05-29 03:16:25
82,Nizwa,22.9333,57.5333,91.42,14,32,3.31,OM,2021-05-29 03:24:17
83,Nishihara,26.1842,127.7558,74.86,94,75,5.77,JP,2021-05-29 03:16:56
84,Necochea,-38.5473,-58.7368,51.04,56,100,22.15,AR,2021-05-29 03:16:40
85,Provideniya,64.3833,-173.3,46.31,37,11,10.98,RU,2021-05-29 03:16:16
86,Los Llanos De Aridane,28.6585,-17.9182,62.35,83,0,10.74,ES,2021-05-29 03:17:25
87,Hobart,-42.8794,147.3294,51.06,59,75,3.0,AU,2021-05-29 03:16:17
88,Kovur,14.4833,79.9833,95.7,39,11,13.04,IN,2021-05-29 03:24:17
89,Khatanga,71.9667,102.5,47.05,61,59,16.35,RU,2021-05-29 03:16:14
90,Likasi,-10.9814,26.7333,47.55,61,0,2.77,CD,2021-05-29 03:24:18
91,Chokurdakh,70.6333,147.9167,58.14,29,49,15.48,RU,2021-05-29 03:16:43
92,Rawson,-43.3002,-65.1023,40.44,48,2,15.95,AR,2021-05-29 03:16:33
93,Mastic Beach,40.7668,-72.8521,50.04,93,90,3.0,US,2021-05-29 03:24:18
94,Tripoli,32.8752,13.1875,69.85,84,10,9.95,LY,2021-05-29 03:24:18
95,Nantucket,41.2835,-70.0995,51.85,87,90,12.66,US,2021-05-29 03:14:13
96,Acapulco,16.8634,-99.8901,82.42,73,3,2.53,MX,2021-05-29 03:17:54
97,Flin Flon,54.7682,-101.865,55.81,75,100,13.6,CA,2021-05-29 03:15:08
98,Vitoria Do Mearim,-3.4622,-44.8706,77.83,80,84,1.72,BR,2021-05-29 03:24:19
99,Labuhan,-6.8844,112.2051,86.38,66,98,6.08,ID,2021-05-29 03:24:19
100,Singkawang,0.9,109.0,87.53,62,86,3.36,ID,2021-05-29 03:24:19
101,Chara,56.9064,118.2631,56.66,49,58,2.46,RU,2021-05-29 03:24:19
102,Katsuura,35.1333,140.3,77.23,79,100,22.39,JP,2021-05-29 03:16:52
103,Barreirinhas,-2.7469,-42.8264,75.18,92,73,3.27,BR,2021-05-29 03:24:19
104,Prince George,53.9166,-122.753,61.25,46,75,3.0,CA,2021-05-29 03:24:20
105,Lompoc,34.6391,-120.4579,65.08,80,90,13.8,US,2021-05-29 03:16:50
106,Pevek,69.7008,170.3133,37.81,76,29,4.09,RU,2021-05-29 03:16:34
107,Fevik,58.3794,8.6766,51.62,74,12,6.13,NO,2021-05-29 03:24:20
108,Port Macquarie,-31.4333,152.9167,61.9,71,79,17.07,AU,2021-05-29 03:22:58
109,Talnakh,69.4865,88.3972,32.92,98,100,9.64,RU,2021-05-29 03:16:49
110,Nikolskoye,59.7035,30.7861,49.89,94,94,5.59,RU,2021-05-29 03:16:29
111,Fairbanks,64.8378,-147.7164,49.1,44,40,14.97,US,2021-05-29 03:13:47
112,Nome,64.5011,-165.4064,57.27,28,1,21.85,US,2021-05-29 03:24:20
113,Mokhotlong,-29.2894,29.0675,34.57,58,0,2.21,LS,2021-05-29 03:24:20
114,Hithadhoo,-0.6,73.0833,82.71,75,100,16.24,MV,2021-05-29 03:12:06
115,Faanui,-16.4833,-151.75,80.33,70,23,1.1,PF,2021-05-29 03:24:21
116,Puerto Ayora,-0.7393,-90.3518,74.55,90,65,5.99,EC,2021-05-29 03:16:20
117,Calabozo,8.9242,-67.4293,77.05,74,63,3.87,VE,2021-05-29 03:24:21
118,Jiexiu,37.0244,111.9125,85.68,18,10,11.68,CN,2021-05-29 03:21:10
119,Constitucion,-35.3333,-72.4167,51.8,76,2,5.41,CL,2021-05-29 03:16:34
120,Kununurra,-15.7667,128.7333,82.38,26,72,9.22,AU,2021-05-29 03:24:21
121,Plouzane,48.3833,-4.6167,57.29,91,100,4.5,FR,2021-05-29 03:24:22
122,San Policarpo,12.1791,125.5072,84.6,74,35,6.29,PH,2021-05-29 03:24:22
123,Bethel,41.3712,-73.414,49.35,92,90,10.36,US,2021-05-29 03:16:34
124,Vila Velha,-20.3297,-40.2925,75.94,84,75,4.0,BR,2021-05-29 03:15:45
125,Thompson,55.7435,-97.8558,57.36,38,90,6.91,CA,2021-05-29 03:17:22
126,Axim,4.8699,-2.2405,79.57,88,55,6.06,GH,2021-05-29 03:24:22
127,Narsaq,60.9167,-46.05,44.82,79,9,6.82,GL,2021-05-29 03:16:31
128,Kitgum,3.2783,32.8867,64.63,93,17,3.24,UG,2021-05-29 03:24:22
129,Buala,-8.145,159.5921,79.29,88,100,6.22,SB,2021-05-29 03:17:42
130,Bull Savanna,17.8868,-77.5902,75.49,82,16,3.27,JM,2021-05-29 03:24:23
131,Kudat,6.8837,116.8477,87.73,70,40,4.61,MY,2021-05-29 03:24:23
132,Zharkent,44.1628,80.0,71.53,49,100,2.84,KZ,2021-05-29 03:24:23
133,Tambacounda,13.7539,-13.7586,87.85,33,5,7.7,SN,2021-05-29 03:24:23
134,Tutoia,-2.7619,-42.2744,77.36,87,83,5.7,BR,2021-05-29 03:24:23
135,Zverinogolovskoye,54.4586,64.8542,67.93,38,0,9.24,RU,2021-05-29 03:24:24
136,Alyangula,-13.8483,136.4192,82.27,61,75,11.18,AU,2021-05-29 03:17:11
137,Guataqui,4.5157,-74.7894,73.26,91,83,4.81,CO,2021-05-29 03:24:24
138,Linxia,35.6003,103.2064,72.09,34,100,3.02,CN,2021-05-29 03:24:24
139,Soto La Marina,23.7667,-98.2167,80.78,85,49,11.79,MX,2021-05-29 03:24:24
140,Namibe,-15.1961,12.1522,73.17,60,0,3.83,AO,2021-05-29 03:17:07
141,Coihueco,-36.6167,-71.8333,47.14,100,40,1.43,CL,2021-05-29 03:24:25
142,Kuandian,40.7286,124.7847,63.48,61,73,5.91,CN,2021-05-29 03:24:25
143,Tura,25.5198,90.2201,81.36,75,26,5.03,IN,2021-05-29 03:24:25
144,Ginir,7.1333,40.7,53.2,91,5,4.07,ET,2021-05-29 03:17:50
145,Tilichiki,60.4667,166.1,44.08,66,85,5.53,RU,2021-05-29 03:24:25
146,Bambous Virieux,-20.3428,57.7575,74.21,88,75,8.86,MU,2021-05-29 03:16:31
147,Pegnitz,49.7564,11.545,44.92,86,95,2.24,DE,2021-05-29 03:24:26
148,Comodoro Rivadavia,-45.8667,-67.5,33.66,69,0,10.36,AR,2021-05-29 03:16:05
149,Sisimiut,66.9395,-53.6735,39.56,77,39,4.7,GL,2021-05-29 03:24:26
150,Cayenne,4.9333,-52.3333,77.09,89,75,5.01,GF,2021-05-29 03:24:26
151,Port Blair,11.6667,92.75,82.44,89,75,2.3,IN,2021-05-29 03:24:27
152,Souillac,-20.5167,57.5167,74.35,88,75,6.69,MU,2021-05-29 03:24:27
153,Port Lincoln,-34.7333,135.8667,59.22,63,4,11.63,AU,2021-05-29 03:16:57
154,Cockburn Town,21.4612,-71.1419,79.07,77,98,16.08,TC,2021-05-29 03:24:27
155,Kahului,20.8947,-156.47,80.62,68,40,21.85,US,2021-05-29 03:24:27
156,Cherskiy,68.75,161.3,59.2,30,75,14.63,RU,2021-05-29 03:16:27
157,Xining,36.6167,101.7667,66.18,25,61,1.86,CN,2021-05-29 03:18:08
158,Ilulissat,69.2167,-51.1,39.22,70,13,1.14,GL,2021-05-29 03:16:36
159,Sesheke,-17.4759,24.2968,48.72,43,0,2.44,ZM,2021-05-29 03:24:28
160,Seymchan,62.8833,152.4333,50.38,51,99,18.05,RU,2021-05-29 03:24:28
161,Japura,-0.3167,102.35,85.95,68,63,3.42,ID,2021-05-29 03:24:28
162,Mareeba,-17.0,145.4333,75.49,54,30,5.88,AU,2021-05-29 03:24:29
163,Lashio,22.9333,97.75,88.97,38,47,2.8,MM,2021-05-29 03:24:29
164,San Quintin,30.4833,-115.95,63.45,85,2,10.89,MX,2021-05-29 03:16:37
165,Gardabani,41.4605,45.0928,64.49,79,68,2.42,GE,2021-05-29 03:24:29
166,Arrecife,28.963,-13.5477,64.47,72,0,6.91,ES,2021-05-29 03:24:29
167,Luderitz,-26.6481,15.1594,60.84,58,100,12.53,NA,2021-05-29 03:17:37
168,Libertador General San Martin,-23.8064,-64.7876,61.97,49,34,3.67,AR,2021-05-29 03:24:30
169,Makakilo City,21.3469,-158.0858,82.72,55,75,14.97,US,2021-05-29 03:17:49
170,Krasnyy Oktyabr,56.1167,38.8833,58.06,89,100,2.66,RU,2021-05-29 03:24:30
171,Leh,34.1667,77.5833,50.16,27,0,1.7,IN,2021-05-29 03:24:30
172,Tiksi,71.6872,128.8694,33.1,96,100,14.41,RU,2021-05-29 03:16:38
173,Inverness,57.4791,-4.224,49.78,92,75,1.01,GB,2021-05-29 03:24:31
174,Klaksvik,62.2266,-6.589,45.52,93,8,16.4,FO,2021-05-29 03:16:46
175,Abu Samrah,35.3029,37.1841,63.72,77,0,11.45,SY,2021-05-29 03:24:31
176,Safaga,26.7292,33.9365,78.75,36,0,12.84,EG,2021-05-29 03:24:31
177,Mayumba,-3.432,10.6554,75.88,90,88,5.73,GA,2021-05-29 03:17:02
178,Deputatskiy,69.3,139.9,50.88,34,21,21.14,RU,2021-05-29 03:17:12
179,Lavrentiya,65.5833,-171.0,34.36,81,9,11.61,RU,2021-05-29 03:16:50
180,Ahipara,-35.1667,173.1667,57.9,74,79,14.5,NZ,2021-05-29 03:16:30
181,Coquimbo,-29.9533,-71.3436,53.33,93,0,3.91,CL,2021-05-29 03:16:16
182,Teya,60.3778,92.6267,36.23,75,100,10.63,RU,2021-05-29 03:24:32
183,Kirensk,57.7853,108.1119,43.07,91,100,9.55,RU,2021-05-29 03:24:32
184,Soyo,-6.1349,12.3689,74.75,91,99,6.35,AO,2021-05-29 03:24:32
185,Tsurib,42.2368,46.8307,58.71,69,24,9.08,RU,2021-05-29 03:24:33
186,Kavaratti,10.5669,72.642,83.8,74,16,19.19,IN,2021-05-29 03:24:33
187,Tanout,14.9709,8.8879,83.59,11,100,7.92,NE,2021-05-29 03:24:33
188,Hasaki,35.7333,140.8333,79.2,73,100,20.65,JP,2021-05-29 03:17:16
189,Sitka,57.0531,-135.33,48.09,76,90,8.05,US,2021-05-29 03:17:34
190,Aquin,18.2833,-73.4,76.96,82,8,3.33,HT,2021-05-29 03:24:33
191,Cidreira,-30.1811,-50.2056,62.6,96,100,10.71,BR,2021-05-29 03:16:35
192,Tomatlan,19.9333,-105.25,75.58,81,100,2.68,MX,2021-05-29 03:24:34
193,Port Elizabeth,-33.918,25.5701,57.09,67,2,20.69,ZA,2021-05-29 03:12:02
194,Ambon,-3.6954,128.1814,80.74,83,40,11.9,ID,2021-05-29 03:24:34
195,Muros,42.7762,-9.0603,59.5,88,5,8.37,ES,2021-05-29 03:18:10
196,Berlevag,70.8578,29.0864,35.55,74,100,22.15,NO,2021-05-29 03:18:06
197,Tasiilaq,65.6145,-37.6368,42.96,92,100,32.79,GL,2021-05-29 03:17:57
198,Khani,41.9563,42.9566,56.77,83,93,4.61,GE,2021-05-29 03:24:34
199,Fortuna,40.5982,-124.1573,55.65,63,1,1.01,US,2021-05-29 03:16:37
200,Camacha,33.0833,-16.3333,63.36,72,20,4.61,PT,2021-05-29 03:24:35
201,Mabaruma,8.2,-59.7833,72.36,99,18,2.73,GY,2021-05-29 03:24:35
202,Atuona,-9.8,-139.0333,79.05,72,25,14.18,PF,2021-05-29 03:16:43
203,Poum,-20.2333,164.0167,73.06,68,4,20.36,NC,2021-05-29 03:24:36
204,Saint Anthony,45.0205,-93.218,52.75,67,1,3.58,US,2021-05-29 03:16:25
205,Dutlwe,-23.9833,23.9,52.16,41,6,8.16,BW,2021-05-29 03:24:36
206,Saint-Augustin,51.226,-58.6502,41.04,63,35,18.95,CA,2021-05-29 03:24:36
207,Santa Isabel,-23.3156,-46.2214,79.9,59,73,10.02,BR,2021-05-29 03:24:36
208,Hofn,64.2539,-15.2082,46.35,97,100,10.29,IS,2021-05-29 03:24:37
209,Kaitangata,-46.2817,169.8464,53.92,78,100,8.25,NZ,2021-05-29 03:16:30
210,Normandin,48.8333,-72.5321,39.51,52,0,5.75,CA,2021-05-29 03:24:37
211,Arraial Do Cabo,-22.9661,-42.0278,73.42,91,63,27.47,BR,2021-05-29 03:16:17
212,Yerofey Pavlovich,53.9667,121.9667,55.53,57,96,4.56,RU,2021-05-29 03:24:37
213,Markova,48.6758,24.4138,47.17,95,72,3.69,UA,2021-05-29 03:24:37
214,Saskylakh,71.9167,114.0833,44.89,49,90,14.18,RU,2021-05-29 03:16:23
215,Nagapattinam,10.7667,79.8333,87.67,59,100,12.19,IN,2021-05-29 03:24:38
216,Komsomolskiy,40.4272,71.7189,81.32,32,0,4.61,UZ,2021-05-29 03:16:53
217,Shiloh,38.5614,-89.8973,51.75,93,90,9.22,US,2021-05-29 03:24:38
218,Saint-Louis,16.3333,-15.0,77.25,40,95,14.2,SN,2021-05-29 03:24:38
219,Navahrudak,53.6,25.8333,43.11,94,57,4.92,BY,2021-05-29 03:24:39
220,Nanortalik,60.1432,-45.2371,35.73,97,100,0.87,GL,2021-05-29 03:16:38
221,Chifeng,42.2683,118.9636,65.5,28,0,6.22,CN,2021-05-29 03:21:04
222,Plettenberg Bay,-34.0527,23.3716,58.95,78,75,10.0,ZA,2021-05-29 03:24:02
223,Rundu,-17.9333,19.7667,48.7,44,0,2.89,NA,2021-05-29 03:24:39
224,Ugoofaaru,5.6667,73.0,83.8,72,24,19.77,MV,2021-05-29 03:24:39
225,Airai,-8.9266,125.4092,69.93,62,92,3.4,TL,2021-05-29 03:16:50
226,Iracoubo,5.4802,-53.2011,75.06,98,100,13.27,GF,2021-05-29 03:24:40
227,Kavieng,-2.5744,150.7967,85.69,68,51,8.68,PG,2021-05-29 03:17:18
228,Laguna,38.421,-121.4238,80.44,51,1,5.99,US,2021-05-29 03:24:40
229,Navrongo,10.8956,-1.0921,84.61,52,9,2.95,GH,2021-05-29 03:24:40
230,Petrolina,-9.3986,-40.5008,69.8,57,0,9.33,BR,2021-05-29 03:24:41
231,Sao Filipe,14.8961,-24.4956,72.57,78,6,11.74,CV,2021-05-29 03:16:49
232,Nacala,-14.5428,40.6728,66.61,91,0,3.56,MZ,2021-05-29 03:24:41
233,Ust-Tsilma,65.441,52.1498,40.05,96,100,7.18,RU,2021-05-29 03:24:41
234,Yumen,40.2833,97.2,76.75,19,3,4.29,CN,2021-05-29 03:24:41
235,Dudinka,69.4058,86.1778,30.83,95,100,13.65,RU,2021-05-29 03:17:55
236,The Valley,18.217,-63.0578,80.46,74,0,13.53,AI,2021-05-29 03:16:23
237,Burgeo,47.6167,-57.6152,39.81,68,3,24.83,CA,2021-05-29 03:17:22
238,Stalowa Wola,50.5829,22.0533,50.86,88,100,3.0,PL,2021-05-29 03:24:42
239,Sao Felix Do Xingu,-6.6447,-51.995,75.65,72,100,1.97,BR,2021-05-29 03:24:42
240,Waddan,29.1614,16.139,85.21,17,1,10.33,LY,2021-05-29 03:17:40
241,Beringovskiy,63.05,179.3167,33.6,82,14,13.27,RU,2021-05-29 03:17:45
242,Saint-Pierre,-21.3393,55.4781,68.29,61,0,6.91,RE,2021-05-29 03:16:25
243,Sur,22.5667,59.5289,90.48,41,35,2.95,OM,2021-05-29 03:17:18
244,Iberia,29.9502,-91.7507,73.47,88,1,3.53,US,2021-05-29 03:24:43
245,Havelock,34.8791,-76.9013,77.02,91,1,10.0,US,2021-05-29 03:16:20
246,Longyearbyen,78.2186,15.6401,33.64,60,20,17.27,SJ,2021-05-29 03:16:16
247,Ulladulla,-35.35,150.4667,57.78,52,55,15.57,AU,2021-05-29 03:16:54
248,San Andres,12.5847,-81.7006,82.42,78,40,11.5,CO,2021-05-29 03:24:43
249,Coihaique,-45.5752,-72.0662,33.75,69,0,3.44,CL,2021-05-29 03:17:02
250,Kachug,53.9606,105.8817,50.14,49,100,11.99,RU,2021-05-29 03:24:43
251,Bilma,18.6853,12.9164,83.64,10,68,4.36,NE,2021-05-29 03:17:17
252,Makungu,-8.7333,35.2833,53.11,97,3,2.66,TZ,2021-05-29 03:24:44
253,Owando,-0.4819,15.8999,74.46,78,100,0.13,CG,2021-05-29 03:24:44
254,Freetown,8.484,-13.2299,80.13,81,69,3.74,SL,2021-05-29 03:24:44
255,Wenling,28.3669,121.36,77.92,86,100,6.98,CN,2021-05-29 03:24:44
256,Norman Wells,65.282,-126.8329,39.24,56,75,8.05,CA,2021-05-29 03:17:30
257,Lady Frere,-31.7031,27.2329,46.6,66,0,7.23,ZA,2021-05-29 03:24:45
258,Shelburne,44.0787,-80.2041,41.76,86,4,7.11,CA,2021-05-29 03:24:45
259,Pisco,-13.7,-76.2167,66.25,82,90,2.3,PE,2021-05-29 03:17:09
260,Okhotsk,59.3833,143.3,41.38,78,97,14.85,RU,2021-05-29 03:18:02
261,Beira,-19.8436,34.8389,62.69,82,0,7.54,MZ,2021-05-29 03:24:45
262,Soubre,5.7856,-6.6083,73.72,99,94,2.04,CI,2021-05-29 03:24:45
263,Duluth,46.7833,-92.1066,44.08,52,1,12.66,US,2021-05-29 03:24:46
264,Taltal,-25.4,-70.4833,61.48,85,60,5.1,CL,2021-05-29 03:16:15
265,Saint-Francois,46.4154,3.9054,56.17,86,0,3.44,FR,2021-05-29 03:17:54
266,Sept-Iles,50.2001,-66.3821,41.05,57,40,5.01,CA,2021-05-29 03:21:38
267,Teguise,29.0605,-13.564,61.02,72,0,9.73,ES,2021-05-29 03:24:46
268,Safut,32.0336,35.8332,60.53,60,0,3.85,JO,2021-05-29 03:24:46
269,Balkhash,46.844,74.9804,70.41,23,0,22.37,KZ,2021-05-29 03:24:47
270,Ganganagar,29.9167,73.8833,103.21,13,0,7.18,IN,2021-05-29 03:24:47
271,Mecca,21.4267,39.8261,87.44,43,59,0.83,SA,2021-05-29 03:24:47
272,Kulhudhuffushi,6.6221,73.07,83.28,73,14,20.49,MV,2021-05-29 03:24:47
273,Mbanza-Ngungu,-5.25,14.8667,66.18,79,100,3.06,CD,2021-05-29 03:24:47
274,Grindavik,63.8424,-22.4338,50.56,93,75,28.1,IS,2021-05-29 03:17:55
275,Jijiga,9.35,42.8,60.57,89,8,7.31,ET,2021-05-29 03:24:48
276,Agadez,19.75,10.25,82.62,9,100,5.59,NE,2021-05-29 03:24:48
277,Saldanha,-33.0117,17.9442,59.16,80,46,6.93,ZA,2021-05-29 03:16:47
278,Swellendam,-34.0226,20.4417,59.38,82,0,5.41,ZA,2021-05-29 03:24:48
279,Neuquen,-38.9516,-68.0591,49.89,46,0,5.75,AR,2021-05-29 03:20:34
280,Morros,-9.4467,-46.3003,69.3,49,97,3.36,BR,2021-05-29 03:24:49
281,Najran,17.4924,44.1277,72.25,20,22,4.16,SA,2021-05-29 03:17:47
282,Yining,29.0361,114.5636,80.11,61,97,2.95,CN,2021-05-29 03:24:49
283,Bathsheba,13.2167,-59.5167,79.41,61,20,14.54,BB,2021-05-29 03:16:41
284,Sarkand,45.41,79.9186,69.8,50,99,5.3,KZ,2021-05-29 03:17:10
285,Te Anau,-45.4167,167.7167,43.3,98,100,6.38,NZ,2021-05-29 03:17:50
286,Turayf,31.6725,38.6637,66.45,37,0,0.0,SA,2021-05-29 03:24:49
287,Jiazi,22.8779,116.067,88.21,69,100,17.65,CN,2021-05-29 03:24:49
288,Sumbawanga,-7.9667,31.6167,52.14,78,73,2.3,TZ,2021-05-29 03:24:50
289,Carutapera,-1.195,-46.02,75.36,94,74,4.97,BR,2021-05-29 03:24:50
290,Pangkalanbuun,-2.6833,111.6167,83.08,85,96,0.74,ID,2021-05-29 03:24:50
291,Athabasca,54.7169,-113.2854,50.41,83,100,16.75,CA,2021-05-29 03:24:50
292,La Ronge,55.1001,-105.2842,57.45,54,75,4.61,CA,2021-05-29 03:24:50
293,Port Hedland,-20.3167,118.5667,82.45,32,99,19.57,AU,2021-05-29 03:16:34
294,Celestun,20.8667,-90.4,80.26,76,2,15.1,MX,2021-05-29 03:16:22
295,Tabuk,17.4189,121.4443,94.55,47,15,5.97,PH,2021-05-29 03:24:51
296,Rawlins,41.7911,-107.2387,61.02,27,1,10.36,US,2021-05-29 03:17:52
297,Cabo San Lucas,22.8909,-109.9124,86.81,60,85,11.5,MX,2021-05-29 03:13:39
298,Hollins,37.3413,-79.9431,70.18,94,20,3.44,US,2021-05-29 03:24:51
299,Bubaque,11.2833,-15.8333,78.06,74,50,12.33,GW,2021-05-29 03:24:51
300,Vostok,46.4856,135.8833,49.62,70,100,8.05,RU,2021-05-29 03:24:52
301,Leningradskiy,69.3833,178.4167,33.93,86,11,12.84,RU,2021-05-29 03:16:15
302,Usinsk,65.9939,57.5281,48.29,74,100,22.39,RU,2021-05-29 03:24:52
303,Uruzgan,32.8333,66.0,73.29,26,0,5.08,AF,2021-05-29 03:24:52
304,Belyy Yar,53.6039,91.3903,55.29,47,0,8.21,RU,2021-05-29 03:24:52
305,Marsh Harbour,26.5412,-77.0636,76.77,76,0,9.06,BS,2021-05-29 03:17:58
306,Wuchang,44.9143,127.15,62.29,54,100,3.33,CN,2021-05-29 03:24:53
307,Atambua,-9.1061,124.8925,82.53,59,78,1.83,ID,2021-05-29 03:17:19
308,Yaan,7.3833,8.5667,76.26,87,100,5.57,NG,2021-05-29 03:24:53
309,Bonavista,48.6499,-53.1147,40.12,64,3,24.67,CA,2021-05-29 03:24:53
310,Senigallia,43.7093,13.2167,60.15,75,75,3.0,IT,2021-05-29 03:24:53
311,Skegness,53.1436,0.3363,55.47,81,99,6.93,GB,2021-05-29 03:24:54
312,Boddam,57.4667,-1.7833,44.98,94,10,10.16,GB,2021-05-29 03:24:54
313,Omaruru,-21.4333,15.9333,56.61,37,0,4.03,NA,2021-05-29 03:21:18
314,Ananas,19.2466,-71.9557,71.08,91,98,1.21,HT,2021-05-29 03:24:54
315,Parthenay,46.6667,-0.4167,58.5,93,73,7.54,FR,2021-05-29 03:24:55
316,Misratah,32.3754,15.0925,71.89,78,52,13.89,LY,2021-05-29 03:24:55
317,Kalabo,-14.97,22.6814,49.89,51,0,3.06,ZM,2021-05-29 03:24:55
318,Road Town,18.4167,-64.6167,78.89,76,5,12.08,VG,2021-05-29 03:24:55
319,Abu Kamal,34.4506,40.9171,77.05,37,0,7.02,SY,2021-05-29 03:24:56
320,Nadvoitsy,63.8667,34.3167,37.11,79,16,8.59,RU,2021-05-29 03:24:56
321,Barentu,15.1139,37.5928,81.18,32,0,4.16,ER,2021-05-29 03:20:29
322,Ust-Maya,60.4167,134.5333,65.71,37,89,5.68,RU,2021-05-29 03:24:56
323,Kapit,2.0167,112.9333,90.01,59,96,1.39,MY,2021-05-29 03:22:14
324,Albanel,48.8832,-72.4487,39.34,52,0,5.75,CA,2021-05-29 03:24:57
325,Mehamn,71.0357,27.8492,35.87,67,100,19.26,NO,2021-05-29 03:24:57
326,Kouqian,43.6391,126.4578,62.19,57,100,5.39,CN,2021-05-29 03:24:57
327,Bucerias,20.75,-105.3333,79.99,89,75,0.89,MX,2021-05-29 03:21:47
328,Namatanai,-3.6667,152.4333,83.23,74,100,10.58,PG,2021-05-29 03:17:04
329,Smyshlyayevka,53.2391,50.3907,69.04,81,100,6.96,RU,2021-05-29 03:24:57
330,Rehoboth,-23.3167,17.0833,53.02,38,4,2.62,NA,2021-05-29 03:24:58
331,Quirinopolis,-18.4483,-50.4517,75.06,53,98,5.88,BR,2021-05-29 03:24:58
332,Zhezkazgan,47.8043,67.7144,66.88,36,69,7.72,KZ,2021-05-29 03:17:30
333,Bengkulu,-3.8004,102.2655,75.25,93,100,2.91,ID,2021-05-29 03:16:32
334,Lulea,65.5842,22.1547,42.87,52,60,8.05,SE,2021-05-29 03:24:58
335,Zhangye,38.9342,100.4517,79.84,16,31,10.0,CN,2021-05-29 03:24:58
336,Ankazoabo,-22.2833,44.5167,58.06,76,0,2.08,MG,2021-05-29 03:24:59
337,Porlamar,10.958,-63.8491,78.89,89,100,16.64,VE,2021-05-29 03:22:57
338,Jagdalpur,19.0667,82.0333,92.66,37,1,6.29,IN,2021-05-29 03:17:56
339,Ancud,-41.8697,-73.8203,45.43,72,76,5.17,CL,2021-05-29 03:16:56
340,Hualmay,-11.0964,-77.6139,65.32,91,37,9.86,PE,2021-05-29 03:24:59
341,Bonthe,7.5264,-12.505,80.04,83,97,2.93,SL,2021-05-29 03:24:59
342,Broome,42.2506,-75.833,46.02,89,90,1.99,US,2021-05-29 03:25:00
343,South Lake Tahoe,38.9332,-119.9844,68.65,50,1,4.61,US,2021-05-29 03:25:00
344,Trincomalee,8.5711,81.2335,84.83,72,100,19.51,LK,2021-05-29 03:25:00
345,Grand Gaube,-20.0064,57.6608,74.37,77,78,4.0,MU,2021-05-29 03:25:00
346,Summerside,46.3959,-63.7876,41.47,75,100,3.44,CA,2021-05-29 03:25:01
347,Slawno,54.3628,16.6789,46.8,92,75,5.75,PL,2021-05-29 03:25:01
348,Del Rio,29.3627,-100.8968,87.91,61,75,12.66,US,2021-05-29 03:25:01
349,Katra,32.9833,74.95,89.65,22,1,5.35,IN,2021-05-29 03:25:03
350,Mucurapo,10.6667,-61.5333,78.26,70,20,8.43,TT,2021-05-29 03:25:03
351,Lasa,46.6166,10.7002,56.28,85,64,4.41,IT,2021-05-29 03:16:29
352,Sinnamary,5.3833,-52.95,75.13,97,96,12.53,GF,2021-05-29 03:16:37
353,Zyryanka,65.75,150.85,58.91,34,14,16.37,RU,2021-05-29 03:17:19
354,Botevgrad,42.9,23.7833,59.58,95,25,5.28,BG,2021-05-29 03:22:18
355,Suntar,62.1444,117.6319,71.42,30,15,4.41,RU,2021-05-29 03:17:37
356,Snasa,64.2457,12.3778,40.39,94,23,3.27,NO,2021-05-29 03:25:03
357,General Roca,-39.0333,-67.5833,50.4,42,18,19.17,AR,2021-05-29 03:18:05
358,Sonoita,31.85,-112.8333,79.39,16,7,5.1,MX,2021-05-29 03:25:04
359,Rudnya,54.947,31.0934,52.32,84,100,8.34,RU,2021-05-29 03:25:04
360,Lisieux,49.1667,0.1667,53.33,91,99,5.26,FR,2021-05-29 03:25:04
361,Cumpas,29.9833,-109.7833,78.85,10,3,7.74,MX,2021-05-29 03:25:05
362,Wanning,18.8003,110.3967,90.0,64,83,15.68,CN,2021-05-29 03:25:05
363,Amli,20.2833,73.0167,87.17,63,100,6.89,IN,2021-05-29 03:25:05
364,Maxixe,-23.8597,35.3472,64.22,88,0,11.5,MZ,2021-05-29 03:25:05
365,Stavrovo,56.1331,40.013,60.3,85,96,1.07,RU,2021-05-29 03:25:05
366,Cedar City,37.6775,-113.0619,70.77,11,1,8.05,US,2021-05-29 03:25:06
367,Mount Gambier,-37.8333,140.7667,53.51,66,75,9.22,AU,2021-05-29 03:17:09
368,Yulara,-25.2406,130.9889,64.24,39,0,13.8,AU,2021-05-29 03:25:06
369,Shimoda,34.6667,138.95,81.1,72,100,19.8,JP,2021-05-29 03:25:06
370,Fort Nelson,58.8053,-122.7002,65.79,26,75,6.91,CA,2021-05-29 03:25:06
371,Natitingou,10.3042,1.3796,78.85,68,50,3.44,BJ,2021-05-29 03:25:07
372,Gimli,50.6336,-96.9907,57.22,47,94,12.66,CA,2021-05-29 03:25:07
373,Tautira,-17.7333,-149.15,84.22,74,72,1.68,PF,2021-05-29 03:17:03
374,Victoria,22.2855,114.1577,91.45,75,100,1.01,HK,2021-05-29 03:13:18
375,Sena Madureira,-9.0656,-68.6569,76.24,71,66,2.37,BR,2021-05-29 03:25:07
376,Ewa Beach,21.3156,-158.0072,84.15,54,75,11.99,US,2021-05-29 03:25:07
377,Iqaluit,63.7506,-68.5145,26.33,79,90,18.01,CA,2021-05-29 03:16:25
378,Quime,-16.9833,-67.2167,47.19,78,90,2.57,BO,2021-05-29 03:25:08
379,Port-Gentil,-0.7193,8.7815,78.3,85,89,7.07,GA,2021-05-29 03:17:32
380,Saint-Hubert,50.05,5.3833,44.71,87,32,4.5,BE,2021-05-29 03:25:08
381,Vardo,70.3705,31.1107,35.78,72,97,24.11,NO,2021-05-29 03:17:33
382,Bogorodskoye,56.55,37.8833,55.4,81,100,6.76,RU,2021-05-29 03:25:08
383,Riva,38.9521,-76.578,65.98,94,90,13.8,US,2021-05-29 03:25:08
384,Olafsvik,64.8945,-23.7142,46.0,91,100,20.96,IS,2021-05-29 03:16:49
385,Mbandaka,0.0487,18.2603,72.18,95,100,3.24,CD,2021-05-29 03:25:09
386,Lerwick,60.1545,-1.1494,46.4,91,41,2.28,GB,2021-05-29 03:25:09
387,Boa Vista,2.8197,-60.6733,78.78,89,75,4.61,BR,2021-05-29 03:18:06
388,Hami,42.8,93.45,84.07,19,91,14.12,CN,2021-05-29 03:16:58
389,Natal,-5.795,-35.2094,75.85,94,75,8.52,BR,2021-05-29 03:22:15
390,Anloga,5.7947,0.8973,82.62,83,97,7.52,GH,2021-05-29 03:25:09
391,Guerrero Negro,27.9769,-114.0611,60.1,81,100,17.18,MX,2021-05-29 03:17:07
392,Vilhena,-12.7406,-60.1458,72.57,75,95,3.24,BR,2021-05-29 03:25:09
393,Trelleborg,55.3751,13.1569,51.98,87,23,10.45,SE,2021-05-29 03:25:10
394,Ngunguru,-35.6167,174.5,57.16,73,90,11.97,NZ,2021-05-29 03:25:10
395,Blairmore,49.6,-114.4353,47.79,46,86,5.75,CA,2021-05-29 03:25:10
396,Torbay,47.6666,-52.7314,39.67,67,40,27.63,CA,2021-05-29 03:16:47
397,Dingle,10.9995,122.6711,89.67,61,69,4.65,PH,2021-05-29 03:16:48
398,Teguldet,57.3064,88.1667,42.73,41,39,10.13,RU,2021-05-29 03:25:10
399,Cururupu,-1.8283,-44.8683,74.08,94,63,1.79,BR,2021-05-29 03:25:11
400,Le Port,-20.9373,55.2919,68.61,67,1,4.27,RE,2021-05-29 03:25:11
401,Edremit,39.5961,27.0244,56.95,88,0,4.61,TR,2021-05-29 03:25:11
402,Erzin,36.9559,36.2,69.01,88,66,3.42,TR,2021-05-29 03:17:27
403,Ryde,50.73,-1.1621,56.35,90,100,1.01,GB,2021-05-29 03:25:11
404,Egvekinot,66.3167,-179.1667,37.81,58,5,11.18,RU,2021-05-29 03:25:12
405,Flinders,-34.5833,150.8552,60.21,58,57,8.01,AU,2021-05-29 03:18:10
406,Harper,4.375,-7.7169,79.75,86,98,7.72,LR,2021-05-29 03:25:12
407,Lam Luk Ka,13.9323,100.7494,94.01,77,40,7.09,TH,2021-05-29 03:25:12
408,Sooke,48.3746,-123.7276,59.95,64,15,7.02,CA,2021-05-29 03:25:12
409,Phangnga,8.4509,98.5298,89.71,79,100,5.26,TH,2021-05-29 03:23:48
410,Rio Brilhante,-21.8019,-54.5464,73.09,59,6,5.99,BR,2021-05-29 03:25:12
411,Amahai,-3.3333,128.9167,81.81,79,82,7.31,ID,2021-05-29 03:17:41
412,Cuamba,-14.8031,36.5372,55.08,76,3,0.89,MZ,2021-05-29 03:25:13
413,Sale,34.0389,-6.8166,63.75,100,99,3.44,MA,2021-05-29 03:25:13
414,Kokoda,-8.8785,147.7407,84.2,73,72,2.93,PG,2021-05-29 03:25:13
415,Meulaboh,4.1363,96.1285,79.25,82,100,3.2,ID,2021-05-29 03:17:32
416,Maues,-3.3836,-57.7186,73.31,93,5,0.85,BR,2021-05-29 03:25:13
417,Inuvik,68.3499,-133.7218,32.86,69,75,10.36,CA,2021-05-29 03:25:14
418,Universal City,34.1389,-118.3534,74.39,72,1,8.05,US,2021-05-29 03:25:14
419,Rio Grande,-32.035,-52.0986,56.95,97,100,10.54,BR,2021-05-29 03:25:14
420,Goderich,43.7501,-81.7165,44.91,61,67,6.91,CA,2021-05-29 03:25:14
421,Starkville,33.4504,-88.8184,73.06,83,95,6.73,US,2021-05-29 03:22:52
422,Vestmannaeyjar,63.4427,-20.2734,46.6,94,100,30.94,IS,2021-05-29 03:17:11
423,Seoul,37.5683,126.9778,71.11,63,90,12.64,KR,2021-05-29 03:22:18
424,Mindelo,16.8901,-24.9804,71.15,73,20,15.5,CV,2021-05-29 03:25:15
425,Batsfjord,70.6345,29.7185,34.9,79,100,22.37,NO,2021-05-29 03:25:15
426,Hauterive,46.0901,3.4459,57.96,88,100,1.23,FR,2021-05-29 03:25:15
427,Ojinaga,29.5667,-104.4167,86.95,48,1,20.71,MX,2021-05-29 03:25:15
428,Nyurba,63.2842,118.3319,68.09,36,9,5.39,RU,2021-05-29 03:25:15
429,Lukovetskiy,64.2956,41.9211,37.38,83,93,7.85,RU,2021-05-29 03:25:16
430,Tenenkou,14.4572,-4.9169,92.61,32,95,9.8,ML,2021-05-29 03:21:08
431,Van,38.4924,43.3831,63.75,34,20,6.91,TR,2021-05-29 03:25:16
432,Kosonsoy,41.2561,71.5508,75.76,29,0,2.1,UZ,2021-05-29 03:25:16
433,Kruisfontein,-34.0033,24.7314,54.88,70,7,17.02,ZA,2021-05-29 03:16:43
434,Nemuro,43.3236,145.575,45.03,93,100,25.5,JP,2021-05-29 03:16:54
435,Kupang,-10.1667,123.5833,86.58,58,40,19.57,ID,2021-05-29 03:17:58
436,Maroantsetra,-15.4333,49.7333,70.75,86,86,1.45,MG,2021-05-29 03:25:16
437,Nouadhibou,20.931,-17.0347,67.98,77,100,16.11,MR,2021-05-29 03:17:13
438,Neyshabur,36.2133,58.7958,76.55,25,0,3.98,IR,2021-05-29 03:25:17
439,Nioro,13.35,-15.75,77.76,39,4,6.35,GM,2021-05-29 03:25:17
440,Rapla,59.0072,24.7928,50.32,96,100,5.03,EE,2021-05-29 03:25:17
441,Pachperwa,27.5167,82.65,77.88,79,100,4.56,IN,2021-05-29 03:25:17
442,Richards Bay,-28.783,32.0377,68.7,71,83,5.32,ZA,2021-05-29 03:17:11
443,Naron,43.5167,-8.1528,58.05,91,8,1.25,ES,2021-05-29 03:25:18
444,Quimper,48.0,-4.1,57.78,82,100,4.61,FR,2021-05-29 03:25:18
445,Portland,45.5234,-122.6762,66.15,54,1,1.99,US,2021-05-29 03:16:29
446,Dogondoutchi,13.6393,4.0287,83.91,24,100,1.57,NE,2021-05-29 03:25:18
447,Krasnoarmeysk,51.0239,45.6969,60.08,79,96,5.93,RU,2021-05-29 03:25:18
448,Avera,33.194,-82.5271,80.47,62,96,6.58,US,2021-05-29 03:25:19
449,Devarkonda,16.7,78.9333,89.87,49,78,16.15,IN,2021-05-29 03:25:19
450,Troitsko-Pechorsk,62.7084,56.1964,55.31,80,40,10.22,RU,2021-05-29 03:25:19
451,Shache,38.4167,77.2406,84.0,16,0,8.95,CN,2021-05-29 03:17:48
452,Vila Franca Do Campo,37.7167,-25.4333,55.81,72,94,4.16,PT,2021-05-29 03:25:19
453,Baruun-Urt,46.6806,113.2792,58.37,34,39,7.27,MN,2021-05-29 03:25:19
454,Miandrivazo,-19.5167,45.4667,64.6,71,0,1.5,MG,2021-05-29 03:25:20
455,Hanna,51.6334,-111.9018,56.71,55,100,11.01,CA,2021-05-29 03:25:20
456,Berberati,4.2612,15.7922,68.07,96,97,0.78,CF,2021-05-29 03:25:20
457,Tyumentsevo,53.3224,81.498,58.3,43,44,4.94,RU,2021-05-29 03:25:20
458,Shihezi,44.3,86.0333,80.56,35,59,2.35,CN,2021-05-29 03:25:21
459,San Luis,-33.295,-66.3356,51.53,51,1,20.09,AR,2021-05-29 03:21:33
460,Lermontovka,47.1453,134.3383,67.24,40,100,6.22,RU,2021-05-29 03:25:21
461,Eureka,40.8021,-124.1637,55.9,76,87,1.01,US,2021-05-29 03:13:18
462,Cuajinicuilapa,16.4667,-98.4167,83.28,68,58,3.0,MX,2021-05-29 03:25:21
463,Gigmoto,13.7796,124.39,88.81,64,23,4.97,PH,2021-05-29 03:25:21
464,Siedlce,52.1677,22.2901,49.57,98,100,7.2,PL,2021-05-29 03:25:22
465,Sioux Lookout,50.1001,-91.917,52.18,43,20,5.75,CA,2021-05-29 03:16:45
466,Honningsvag,70.9821,25.9704,36.73,66,100,18.66,NO,2021-05-29 03:25:22
467,Itoman,26.1247,127.6694,75.58,94,75,6.91,JP,2021-05-29 03:25:22
468,Makubetsu,45.3714,141.8211,51.51,87,75,10.36,JP,2021-05-29 03:25:22
469,Kudahuvadhoo,2.6708,72.8944,83.53,72,100,18.57,MV,2021-05-29 03:25:23
470,Karaton,-6.3424,106.1045,87.96,58,78,0.76,ID,2021-05-29 03:25:23
471,Yakeshi,49.2833,120.7333,61.47,42,98,7.38,CN,2021-05-29 03:17:38
472,Verkhoshizhemye,58.011,49.1038,57.7,95,98,3.47,RU,2021-05-29 03:25:23
473,Burgersdorp,-30.9977,26.3286,42.69,71,0,4.7,ZA,2021-05-29 03:25:23
474,Wageningen,51.9667,5.6667,50.2,93,1,5.55,NL,2021-05-29 03:25:23
475,San Patricio,28.017,-97.5169,81.32,87,68,11.74,US,2021-05-29 03:17:03
476,Hudiksvall,61.729,17.1036,43.16,79,3,4.21,SE,2021-05-29 03:24:36
477,Anzio,41.4853,12.6179,65.44,68,100,2.71,IT,2021-05-29 03:25:24
478,Kontagora,10.3999,5.4695,79.09,55,28,4.63,NG,2021-05-29 03:25:24
479,Prince Rupert,54.3161,-130.3201,51.89,68,1,3.44,CA,2021-05-29 03:22:42
480,Saint George,37.1041,-113.5841,88.39,7,1,8.05,US,2021-05-29 03:15:00
481,Pantai Remis,4.4557,100.6288,87.82,70,1,5.57,MY,2021-05-29 03:25:24
482,Margate,51.3813,1.3862,53.69,81,77,1.99,GB,2021-05-29 03:15:25
483,Burtunay,42.9886,46.6303,60.67,70,13,2.95,RU,2021-05-29 03:25:25
484,Sola,-13.8833,167.55,83.07,65,75,6.91,VU,2021-05-29 03:25:25
485,Russell,32.3502,-85.1999,71.51,93,40,5.1,US,2021-05-29 03:25:25
486,Miyako,39.6367,141.9525,67.32,70,66,5.46,JP,2021-05-29 03:25:25
487,Nautla,20.2167,-96.7833,81.72,83,97,14.34,MX,2021-05-29 03:17:40
488,Yurginskoye,56.8189,67.3921,65.86,54,33,6.71,RU,2021-05-29 03:25:25
489,Tumaco,1.7986,-78.8156,76.87,89,100,6.76,CO,2021-05-29 03:25:26
490,Isla Vista,34.4133,-119.861,69.12,69,1,8.05,US,2021-05-29 03:25:26
491,Kieta,-6.2167,155.6333,79.27,87,100,4.23,PG,2021-05-29 03:16:27
492,Cortes,41.9395,-1.4396,68.61,66,95,4.03,ES,2021-05-29 03:25:26
493,Manokwari,-0.8667,134.0833,83.95,73,94,5.1,ID,2021-05-29 03:25:26
494,Oviedo,43.3603,-5.8448,61.52,100,80,1.01,ES,2021-05-29 03:25:27
495,Husavik,66.0449,-17.3389,51.71,71,15,11.83,IS,2021-05-29 03:16:22
496,Tamandare,-8.7597,-35.1047,76.32,80,60,9.06,BR,2021-05-29 03:25:27
497,Bushehr,28.9684,50.8385,87.89,62,0,9.22,IR,2021-05-29 03:25:27
498,Andalan,5.9594,121.3903,84.29,64,82,0.6,PH,2021-05-29 03:25:27
499,Beisfjord,68.3751,17.5988,42.26,80,92,1.3,NO,2021-05-29 03:25:28
500,Nieuw Nickerie,5.95,-56.9833,77.31,89,100,12.21,SR,2021-05-29 03:25:28
501,Oda,35.1833,132.5,66.97,67,89,14.88,JP,2021-05-29 03:25:28
502,Tayga,56.06,85.6197,46.26,39,12,9.1,RU,2021-05-29 03:25:28
503,Lososina,48.9975,140.3106,46.0,84,100,5.28,RU,2021-05-29 03:25:29
504,Gladstone,-23.85,151.25,75.78,29,99,13.8,AU,2021-05-29 03:25:29
505,Asfi,32.2994,-9.2372,64.33,92,82,1.19,MA,2021-05-29 03:25:29
506,Banda Aceh,5.5577,95.3222,83.98,68,95,9.62,ID,2021-05-29 03:25:29
507,Bulawayo,-20.15,28.5833,50.49,37,0,2.15,ZW,2021-05-29 03:25:29
508,Gombe,10.2897,11.1673,84.24,51,100,5.55,NG,2021-05-29 03:25:30
509,Manta,-0.95,-80.7333,73.92,88,100,8.46,EC,2021-05-29 03:25:30
510,Mykolayiv,46.9659,31.9974,61.11,91,83,6.93,UA,2021-05-29 03:25:30
511,Palu,-0.8917,119.8707,90.14,60,21,2.91,ID,2021-05-29 03:17:40
512,Mnogovershinnyy,53.9353,139.9242,56.19,43,77,4.85,RU,2021-05-29 03:25:30
513,Tadine,-21.55,167.8833,74.71,57,4,9.35,NC,2021-05-29 03:25:31
514,Vao,-22.6667,167.4833,72.12,63,0,25.61,NC,2021-05-29 03:16:17
515,Genhe,50.7833,121.5167,49.3,85,100,3.0,CN,2021-05-29 03:17:36
516,Omsukchan,62.5333,155.8,36.99,75,67,9.78,RU,2021-05-29 03:25:31
517,Pauini,-7.7136,-66.9764,78.12,76,100,1.39,BR,2021-05-29 03:25:31
518,Puerto Rondon,6.2805,-71.1,73.11,97,49,4.56,CO,2021-05-29 03:25:31
519,Malakal,9.5334,31.6605,79.9,56,7,3.71,SS,2021-05-29 03:25:32
520,San Buenaventura,27.0833,-101.5333,75.11,92,100,13.73,MX,2021-05-29 03:25:32
521,Hoopstad,-27.8327,25.9083,45.84,49,1,4.81,ZA,2021-05-29 03:25:32
522,Hirara,24.8,125.2833,84.47,74,75,4.61,JP,2021-05-29 03:16:42
523,Bantou,26.2151,117.4893,76.53,88,99,4.54,CN,2021-05-29 03:25:32
524,Ostrovnoy,68.0531,39.5131,34.86,98,87,17.83,RU,2021-05-29 03:17:01
525,Corinth,37.9407,22.9573,71.69,67,7,2.64,GR,2021-05-29 03:25:33
526,Laibin,23.7,109.2667,88.48,68,94,9.55,CN,2021-05-29 03:25:33
527,Ushtobe,45.2514,77.9838,67.01,47,100,8.21,KZ,2021-05-29 03:17:39
528,Gamba,-2.65,10.0,75.18,94,90,4.94,GA,2021-05-29 03:25:33
529,Santa Rosa,14.3122,121.1114,94.98,65,11,3.62,PH,2021-05-29 03:25:33
530,Valparaiso,-33.0393,-71.6273,52.72,76,0,8.08,CL,2021-05-29 03:25:33
531,Kaspiyskiy,45.3929,47.3707,70.3,75,0,9.64,RU,2021-05-29 03:25:34
532,Azul,-36.777,-59.8585,47.71,77,74,6.22,AR,2021-05-29 03:25:34
533,Mangai,-4.05,19.5333,69.48,68,97,1.99,CD,2021-05-29 03:25:11
534,Killybegs,54.6333,-8.45,51.84,95,100,5.23,IE,2021-05-29 03:25:34
535,Lesozavodsk,45.4794,133.4244,63.41,50,100,8.01,RU,2021-05-29 03:25:34
536,Coahuayana,18.7333,-103.6833,75.87,76,79,1.66,MX,2021-05-29 03:16:36
537,Mirnyy,62.5353,113.9611,68.05,34,9,5.97,RU,2021-05-29 03:25:35
538,Kailua,21.4022,-157.7394,84.18,60,20,9.22,US,2021-05-29 03:25:35
539,Pratapgarh,24.0333,74.7833,86.72,56,27,14.12,IN,2021-05-29 03:25:35
540,Holalkere,14.0333,76.1833,76.98,72,85,12.82,IN,2021-05-29 03:25:35
541,Kidal,18.4411,1.4078,88.93,11,94,9.4,ML,2021-05-29 03:25:35
542,San Jeronimo,-11.9472,-75.2829,45.32,82,19,2.59,PE,2021-05-29 03:16:38
543,Knysna,-34.0363,23.0471,57.58,81,56,6.82,ZA,2021-05-29 03:17:29
544,Mwinilunga,-11.7358,24.4293,47.43,60,1,3.49,ZM,2021-05-29 03:25:36
545,Chumikan,54.7183,135.315,41.83,82,96,7.83,RU,2021-05-29 03:25:36
546,Salta,-24.7859,-65.4117,53.89,76,0,2.95,AR,2021-05-29 03:25:36
547,Kyabe,9.4515,18.9449,79.57,55,14,4.09,TD,2021-05-29 03:25:37
548,Svetlogorsk,52.6333,29.7333,52.97,97,100,8.52,BY,2021-05-29 03:17:35
549,Bud,39.447,-86.1758,52.47,93,100,13.94,US,2021-05-29 03:25:37
550,San Jose,37.3394,-121.895,65.44,69,40,5.99,US,2021-05-29 03:23:05
551,Atar,20.5169,-13.0499,85.96,24,62,7.72,MR,2021-05-29 03:25:36
552,Ibadan,7.3878,3.8964,73.96,98,100,1.9,NG,2021-05-29 03:25:37
553,Jamame,0.0722,42.7506,74.82,84,88,6.29,SO,2021-05-29 03:25:38
