City_ID,City,Country,Lat,Lng,Date,Max Temp,Humidity,Cloudiness,Wind Speed,Weather Description
0,Lapeer,US,43.0514,-83.3188,2021-11-15 19:18:46,41.23,60,90,12.66,overcast clouds
1,Albany,US,42.6001,-73.9662,2021-11-15 19:06:11,45.18,79,100,1.01,overcast clouds
2,Punta Arenas,CL,-53.15,-70.9167,2021-11-15 19:10:46,51.91,37,20,26.46,few clouds
3,Atuona,PF,-9.8,-139.0333,2021-11-15 19:10:37,77.63,75,6,11.3,light rain
4,Saint Anthony,US,45.0205,-93.218,2021-11-15 19:16:20,35.89,71,90,1.99,light rain
5,Makakilo City,US,21.3469,-158.0858,2021-11-15 19:18:47,79.12,68,90,4.61,light rain
6,Noyabrsk,RU,63.1994,75.4507,2021-11-15 19:14:50,7.48,95,100,11.97,overcast clouds
7,Provost,CA,52.3501,-110.2683,2021-11-15 19:18:48,34.25,85,100,6.76,overcast clouds
8,Priiskovyy,RU,51.9333,116.6333,2021-11-15 19:18:48,19.51,84,13,4.54,few clouds
9,Hermanus,ZA,-34.4187,19.2345,2021-11-15 19:10:41,64.9,88,100,8.9,overcast clouds
10,Rio Grande,BR,-32.035,-52.0986,2021-11-15 19:18:48,84.31,76,80,14.7,broken clouds
11,Yellowknife,CA,62.456,-114.3525,2021-11-15 19:18:49,15.3,99,40,2.3,scattered clouds
12,Chokurdakh,RU,70.6333,147.9167,2021-11-15 19:10:56,5.99,96,100,2.75,overcast clouds
13,Bambous Virieux,MU,-20.3428,57.7575,2021-11-15 19:11:05,75.45,83,40,2.3,scattered clouds
14,Victoria,HK,22.2855,114.1577,2021-11-15 19:18:49,71.33,79,21,3.0,few clouds
15,Pochutla,MX,15.7432,-96.4661,2021-11-15 19:18:49,88.83,46,4,7.56,clear sky
16,Grand-Santi,GF,4.25,-54.3833,2021-11-15 19:18:50,80.02,83,87,3.36,overcast clouds
17,Sobolevo,RU,54.4299,31.8996,2021-11-15 19:18:50,27.28,81,47,5.57,scattered clouds
18,Port Macquarie,AU,-31.4333,152.9167,2021-11-15 19:18:51,48.16,64,0,9.89,clear sky
19,Dauphin,CA,51.1494,-100.0502,2021-11-15 19:18:51,28.54,93,90,3.44,overcast clouds
20,Jamestown,US,42.097,-79.2353,2021-11-15 19:10:48,40.59,88,40,8.01,scattered clouds
21,Lavrentiya,RU,65.5833,-171.0,2021-11-15 19:18:52,15.22,88,100,7.92,overcast clouds
22,Oksfjord,NO,70.2396,22.3479,2021-11-15 19:18:52,42.98,92,99,13.09,overcast clouds
23,Sur,OM,22.5667,59.5289,2021-11-15 19:18:53,75.54,49,54,3.69,broken clouds
24,Aberdeen,GB,57.1437,-2.0981,2021-11-15 19:18:53,46.2,93,69,6.91,broken clouds
25,Kodiak,US,57.79,-152.4072,2021-11-15 19:10:39,17.11,79,1,8.05,clear sky
26,Sechura,PE,-5.5569,-80.8222,2021-11-15 19:13:46,75.36,56,23,15.77,few clouds
27,Rikitea,PF,-23.1203,-134.9692,2021-11-15 19:10:42,74.44,82,100,13.42,light rain
28,Miles City,US,46.4083,-105.8406,2021-11-15 19:13:51,65.52,44,1,8.05,clear sky
29,Joao Camara,BR,-5.5375,-35.8197,2021-11-15 19:18:53,83.44,47,100,16.82,overcast clouds
30,Huarmey,PE,-10.0681,-78.1522,2021-11-15 19:18:54,70.05,72,55,11.21,broken clouds
31,Longyearbyen,SJ,78.2186,15.6401,2021-11-15 19:13:25,19.24,68,40,28.77,scattered clouds
32,Santa Teresa,VE,10.2341,-66.6631,2021-11-15 19:18:54,89.42,41,19,8.28,few clouds
33,Lompoc,US,34.6391,-120.4579,2021-11-15 19:12:06,86.09,47,1,3.44,clear sky
34,Saldanha,ZA,-33.0117,17.9442,2021-11-15 19:12:30,63.1,90,100,15.61,overcast clouds
35,Tuktoyaktuk,CA,69.4541,-133.0374,2021-11-15 19:10:44,11.57,93,100,10.78,overcast clouds
36,Sambava,MG,-14.2667,50.1667,2021-11-15 19:13:21,76.57,85,65,8.03,light rain
37,Lorengau,PG,-2.0226,147.2712,2021-11-15 19:10:58,81.12,77,92,5.91,overcast clouds
38,Provideniya,RU,64.3833,-173.3,2021-11-15 19:11:41,15.15,91,67,12.1,broken clouds
39,Bellavista,PE,-7.0561,-76.5911,2021-11-15 19:18:55,92.68,49,20,8.05,few clouds
40,Kapaa,US,22.0752,-159.319,2021-11-15 19:10:36,76.12,76,90,1.99,light rain
41,Srednekolymsk,RU,67.45,153.6833,2021-11-15 19:12:32,8.74,96,100,5.19,light snow
42,Bud,US,39.447,-86.1758,2021-11-15 19:18:56,40.82,70,100,8.84,overcast clouds
43,Butaritari,KI,3.0707,172.7902,2021-11-15 19:18:56,82.53,69,100,17.74,overcast clouds
44,Dhidhdhoo,MV,6.8833,73.1,2021-11-15 19:18:08,81.01,79,100,17.11,overcast clouds
45,Itainopolis,BR,-7.4469,-41.4783,2021-11-15 19:18:57,87.15,48,99,7.34,overcast clouds
46,Mataura,NZ,-46.1927,168.8643,2021-11-15 19:10:41,46.27,93,52,6.33,broken clouds
47,Sitka,US,57.0531,-135.33,2021-11-15 19:13:47,33.69,86,20,4.61,few clouds
48,Taltal,CL,-25.4,-70.4833,2021-11-15 19:18:57,65.28,66,23,8.57,few clouds
49,Puerto Ayora,EC,-0.7393,-90.3518,2021-11-15 19:10:58,78.76,71,30,10.11,scattered clouds
50,Biltine,TD,14.5333,20.9167,2021-11-15 19:18:58,82.29,13,0,7.23,clear sky
51,Hirakata,JP,34.8135,135.6491,2021-11-15 19:18:58,53.46,80,22,1.12,few clouds
52,Dicamay,PH,16.7561,122.0037,2021-11-15 19:18:59,73.51,98,100,1.88,overcast clouds
53,Luderitz,NA,-26.6481,15.1594,2021-11-15 19:11:13,65.12,76,0,12.19,clear sky
54,Matamoros,MX,25.5333,-103.25,2021-11-15 19:09:08,75.31,25,1,0.0,clear sky
55,Chuy,UY,-33.6971,-53.4616,2021-11-15 19:12:52,76.19,67,13,12.82,few clouds
56,Balikpapan,ID,-1.2675,116.8289,2021-11-15 19:18:59,74.32,91,100,2.06,overcast clouds
57,Cidreira,BR,-30.1811,-50.2056,2021-11-15 19:12:59,72.48,76,39,20.2,scattered clouds
58,Talnakh,RU,69.4865,88.3972,2021-11-15 19:19:00,0.48,97,100,11.14,light snow
59,Thohoyandou,ZA,-22.9456,30.485,2021-11-15 19:19:00,73.2,69,100,3.44,overcast clouds
60,Hofn,IS,64.2539,-15.2082,2021-11-15 19:13:48,42.82,70,20,21.85,few clouds
61,Zaraza,VE,9.3503,-65.3245,2021-11-15 19:13:43,97.86,27,54,6.85,broken clouds
62,Molodiya,UA,48.2233,26.0214,2021-11-15 19:19:01,47.39,71,100,7.56,overcast clouds
63,Pundaguitan,PH,6.3711,126.1689,2021-11-15 19:11:43,81.99,77,100,7.09,overcast clouds
64,Pitea,SE,65.3172,21.4794,2021-11-15 19:19:01,35.69,77,100,13.18,overcast clouds
65,Vaini,TO,-21.2,-175.2,2021-11-15 19:10:59,77.16,83,20,8.05,few clouds
66,Zhuhai,CN,22.2769,113.5678,2021-11-15 19:13:50,71.06,73,20,11.5,few clouds
67,Kurilsk,RU,45.2333,147.8833,2021-11-15 19:19:02,38.43,60,94,19.86,overcast clouds
68,Kerchevskiy,RU,59.946,56.2884,2021-11-15 19:19:02,14.22,94,100,7.18,overcast clouds
69,Lupiro,TZ,-8.3833,36.6667,2021-11-15 19:19:02,83.05,43,44,12.37,scattered clouds
70,Santa Cruz,BO,-17.8,-63.1667,2021-11-15 19:09:11,74.55,83,100,6.08,overcast clouds
71,Kruisfontein,ZA,-34.0033,24.7314,2021-11-15 19:12:24,64.89,69,100,12.5,overcast clouds
72,Port Alfred,ZA,-33.5906,26.891,2021-11-15 19:10:40,66.09,85,100,12.15,overcast clouds
73,Westport,US,41.1415,-73.3579,2021-11-15 19:12:36,48.74,63,90,1.01,overcast clouds
74,Noumea,NC,-22.2763,166.4572,2021-11-15 19:19:03,79.0,99,0,5.23,clear sky
75,Saint George,US,37.1041,-113.5841,2021-11-15 19:07:55,78.35,29,1,0.0,clear sky
76,Kaihua,CN,23.3687,104.28,2021-11-15 19:19:03,54.9,98,100,4.94,overcast clouds
77,Comodoro Rivadavia,AR,-45.8667,-67.5,2021-11-15 19:08:51,58.86,20,20,8.05,few clouds
78,Coquimbo,CL,-29.9533,-71.3436,2021-11-15 19:19:04,65.93,59,0,13.8,clear sky
79,Fortuna,US,40.5982,-124.1573,2021-11-15 19:19:04,61.66,70,100,8.01,overcast clouds
80,Novyy Urengoy,RU,66.0833,76.6333,2021-11-15 19:19:05,6.48,95,100,13.31,light snow
81,Tura,IN,25.5198,90.2201,2021-11-15 19:13:45,60.67,84,0,3.22,clear sky
82,Ushuaia,AR,-54.8,-68.3,2021-11-15 19:10:42,47.82,57,75,28.77,broken clouds
83,Dunedin,NZ,-45.8742,170.5036,2021-11-15 19:11:34,54.81,66,12,3.0,few clouds
84,Am Timan,TD,11.0297,20.2827,2021-11-15 19:19:05,84.54,21,97,3.11,overcast clouds
85,Karratha,AU,-20.7377,116.8463,2021-11-15 19:19:05,77.81,49,62,11.5,broken clouds
86,Port Hardy,CA,50.6996,-127.4199,2021-11-15 19:10:51,42.64,76,100,20.09,light rain
87,Laguna,US,38.421,-121.4238,2021-11-15 19:19:06,76.64,92,90,1.01,mist
88,Auki,SB,-8.7676,160.7034,2021-11-15 19:19:06,77.86,86,100,3.53,overcast clouds
89,Barrow,US,71.2906,-156.7887,2021-11-15 19:10:42,8.62,66,90,16.11,light snow
90,Tahe,CN,52.3333,124.7333,2021-11-15 19:19:06,18.16,67,98,3.62,overcast clouds
91,Busselton,AU,-33.65,115.3333,2021-11-15 19:10:54,60.08,95,100,6.08,overcast clouds
92,Dauriya,RU,49.9333,116.8667,2021-11-15 19:19:07,23.22,66,86,3.71,overcast clouds
93,Bobo Dioulasso,BF,11.1771,-4.2979,2021-11-15 19:16:15,82.85,39,0,2.3,clear sky
94,Mar Del Plata,AR,-38.0023,-57.5575,2021-11-15 19:11:28,69.82,90,40,24.0,scattered clouds
95,Hauterive,FR,46.0901,3.4459,2021-11-15 19:19:07,47.16,96,100,5.44,overcast clouds
96,Hobart,AU,-42.8794,147.3294,2021-11-15 19:10:53,44.46,73,90,9.22,overcast clouds
97,Dikson,RU,73.5069,80.5464,2021-11-15 19:10:45,-9.87,95,31,4.56,scattered clouds
98,Tomatlan,MX,19.9333,-105.25,2021-11-15 19:12:02,89.58,38,43,5.08,scattered clouds
99,Paamiut,GL,61.994,-49.6678,2021-11-15 19:11:22,9.45,75,0,8.57,clear sky
100,Kyabe,TD,9.4515,18.9449,2021-11-15 19:19:08,83.91,26,16,2.53,few clouds
101,Satwas,IN,22.5333,76.6833,2021-11-15 19:19:08,64.24,43,14,6.78,few clouds
102,Tecoanapa,MX,16.5167,-98.75,2021-11-15 19:19:09,83.48,58,5,7.07,clear sky
103,Upernavik,GL,72.7868,-56.1549,2021-11-15 19:10:55,0.59,71,13,7.23,few clouds
104,Shubarshi,KZ,48.5872,57.1869,2021-11-15 19:19:09,29.35,97,100,2.48,light snow
105,Bredasdorp,ZA,-34.5322,20.0403,2021-11-15 19:11:00,62.73,83,100,10.51,overcast clouds
106,Cape Town,ZA,-33.9258,18.4232,2021-11-15 19:11:02,69.1,63,98,9.22,overcast clouds
107,Halifax,CA,44.6453,-63.5724,2021-11-15 19:19:10,52.29,95,90,1.99,mist
108,Soubre,CI,5.7856,-6.6083,2021-11-15 19:19:10,78.62,80,74,4.34,broken clouds
109,Severo-Kurilsk,RU,50.6789,156.125,2021-11-15 19:11:09,35.91,61,71,18.63,broken clouds
110,Rojhan,PK,28.6868,69.9534,2021-11-15 19:19:11,68.59,15,0,8.59,clear sky
111,Los Algarrobos,PA,8.5,-82.4333,2021-11-15 19:19:11,89.46,66,20,8.05,few clouds
112,Airai,TL,-8.9266,125.4092,2021-11-15 19:10:40,59.85,87,87,2.19,overcast clouds
113,Lebu,CL,-37.6167,-73.65,2021-11-15 19:11:03,56.35,53,2,15.61,clear sky
114,Kupang,ID,-10.1667,123.5833,2021-11-15 19:19:12,79.63,77,95,1.07,overcast clouds
115,Pevek,RU,69.7008,170.3133,2021-11-15 19:11:24,17.85,88,100,7.4,overcast clouds
116,Bluff,NZ,-46.6,168.3333,2021-11-15 19:10:52,47.93,86,91,14.0,overcast clouds
117,Montecristi,EC,-1.05,-80.6667,2021-11-15 19:19:12,73.22,78,90,16.11,overcast clouds
118,Acarau,BR,-2.8856,-40.12,2021-11-15 19:11:04,84.38,66,5,17.85,clear sky
119,George,ZA,-33.963,22.4617,2021-11-15 19:19:13,63.95,82,90,4.61,overcast clouds
120,Dali,CN,25.7,100.1833,2021-11-15 19:19:13,49.6,93,62,4.88,broken clouds
121,Faanui,PF,-16.4833,-151.75,2021-11-15 19:13:18,78.82,72,100,6.49,overcast clouds
122,Arraial Do Cabo,BR,-22.9661,-42.0278,2021-11-15 19:10:39,76.86,61,20,25.32,few clouds
123,Mahebourg,MU,-20.4081,57.7,2021-11-15 19:11:28,75.49,83,40,2.3,scattered clouds
124,Kaitangata,NZ,-46.2817,169.8464,2021-11-15 19:11:07,47.64,92,100,6.38,overcast clouds
125,Faya,SA,18.3851,42.4509,2021-11-15 19:11:01,59.52,68,0,1.48,clear sky
126,Ahipara,NZ,-35.1667,173.1667,2021-11-15 19:11:08,64.04,86,3,10.76,clear sky
127,Kochi,IN,9.9399,76.2602,2021-11-15 19:19:13,75.18,90,100,4.18,moderate rain
128,Bharatpur,IN,27.2167,77.4833,2021-11-15 19:13:14,65.64,37,0,0.16,clear sky
129,Clyde River,CA,70.4692,-68.5914,2021-11-15 19:10:37,4.35,77,100,3.71,overcast clouds
130,Salalah,OM,17.0151,54.0924,2021-11-15 19:12:51,77.09,61,0,4.61,clear sky
131,Dir,PK,35.2058,71.8756,2021-11-15 19:19:14,45.36,29,0,9.86,clear sky
132,Saint-Philippe,RE,-21.3585,55.7679,2021-11-15 19:10:47,74.79,80,39,10.54,scattered clouds
133,Thompson,CA,55.7435,-97.8558,2021-11-15 19:11:01,28.18,92,100,6.4,light snow
134,Tungor,RU,53.3808,142.9564,2021-11-15 19:13:15,23.36,87,100,15.66,light snow
135,San-Pedro,CI,4.7485,-6.6363,2021-11-15 19:19:14,79.54,83,77,6.89,broken clouds
136,Adrar,MR,20.5022,-10.0711,2021-11-15 19:19:15,78.69,27,93,10.42,overcast clouds
137,Port Shepstone,ZA,-30.7414,30.455,2021-11-15 19:19:15,71.62,89,100,10.4,overcast clouds
138,Hilo,US,19.7297,-155.09,2021-11-15 19:10:51,76.8,95,90,8.05,moderate rain
139,Langsa,ID,4.4683,97.9683,2021-11-15 19:19:16,75.43,96,100,2.55,overcast clouds
140,Cabo San Lucas,MX,22.8909,-109.9124,2021-11-15 19:19:16,96.62,46,40,3.0,scattered clouds
141,Brokopondo,SR,4.75,-55.1667,2021-11-15 19:19:16,81.45,76,97,8.34,overcast clouds
142,Avarua,CK,-21.2078,-159.775,2021-11-15 19:10:47,75.25,83,20,8.05,few clouds
143,Ribeira Grande,PT,38.5167,-28.7,2021-11-15 19:10:52,70.2,73,20,26.46,few clouds
144,Moree,AU,-29.4667,149.85,2021-11-15 19:19:17,48.22,87,79,5.75,broken clouds
145,Norman Wells,CA,65.282,-126.8329,2021-11-15 19:15:07,7.68,93,99,4.18,overcast clouds
146,Ahuimanu,US,21.4447,-157.8378,2021-11-15 19:13:00,80.31,74,75,0.0,broken clouds
147,Klaksvik,FO,62.2266,-6.589,2021-11-15 19:19:17,49.12,92,100,37.87,overcast clouds
148,Lagoa,PT,39.05,-27.9833,2021-11-15 19:19:18,66.69,86,0,18.79,clear sky
149,Witu,KE,-2.3889,40.4382,2021-11-15 19:19:18,80.76,85,76,6.76,broken clouds
150,Qaanaaq,GL,77.484,-69.3632,2021-11-15 19:10:45,1.0,69,100,10.27,overcast clouds
151,Carnarvon,AU,-24.8667,113.6333,2021-11-15 19:11:09,68.07,77,75,13.8,broken clouds
152,Gamba,GA,-2.65,10.0,2021-11-15 19:19:18,78.3,86,100,6.85,overcast clouds
153,Kijang,KR,35.2442,129.2139,2021-11-15 19:12:02,53.58,55,100,3.24,overcast clouds
154,Itarema,BR,-2.9248,-39.9167,2021-11-15 19:19:19,84.22,66,4,16.64,clear sky
155,Corralillo,CU,22.9819,-80.5856,2021-11-15 19:19:19,76.35,82,100,14.03,overcast clouds
156,Valley City,US,46.9233,-98.0032,2021-11-15 19:19:19,34.79,100,100,10.07,overcast clouds
157,Mahajanga,MG,-15.7167,46.3167,2021-11-15 19:12:45,82.42,83,20,4.61,light rain
158,Kozmodemyansk,RU,56.3367,46.5711,2021-11-15 19:19:20,23.83,98,79,3.4,broken clouds
159,Castro,BR,-24.7911,-50.0119,2021-11-15 19:11:17,77.86,48,54,2.68,broken clouds
160,Vestmannaeyjar,IS,63.4427,-20.2734,2021-11-15 19:19:20,42.03,60,100,33.06,overcast clouds
161,Plettenberg Bay,ZA,-34.0527,23.3716,2021-11-15 19:19:21,63.55,71,80,9.22,broken clouds
162,Kasempa,ZM,-13.4584,25.8338,2021-11-15 19:19:21,69.28,70,79,2.77,broken clouds
163,Aswan,EG,24.0934,32.907,2021-11-15 19:19:21,77.76,34,2,8.97,clear sky
164,Middelburg,ZA,-25.7751,29.4648,2021-11-15 19:19:22,71.17,60,13,16.22,few clouds
165,Jalu,LY,29.0331,21.5482,2021-11-15 19:13:42,75.0,31,100,5.97,overcast clouds
166,Ngorongoro,TZ,-3.2397,35.4875,2021-11-15 19:19:22,59.05,64,79,3.02,broken clouds
167,Larap,PH,14.299,122.6504,2021-11-15 19:19:22,78.28,91,100,9.8,overcast clouds
168,Simao,CN,22.7886,100.9748,2021-11-15 19:19:23,60.28,99,99,2.08,overcast clouds
169,College,US,64.8569,-147.8028,2021-11-15 19:12:33,0.21,73,90,0.0,light snow
170,Acari,PE,-15.4311,-74.6158,2021-11-15 19:19:23,77.31,49,85,11.25,overcast clouds
171,Guerrero Negro,MX,27.9769,-114.0611,2021-11-15 19:15:08,84.76,24,0,4.12,clear sky
172,Sivaki,RU,52.6333,126.75,2021-11-15 19:19:23,16.32,71,6,4.94,clear sky
173,Rawson,AR,-43.3002,-65.1023,2021-11-15 19:19:24,54.39,59,73,30.76,broken clouds
174,Saint-Joseph,RE,-21.3667,55.6167,2021-11-15 19:19:24,73.78,81,30,5.06,scattered clouds
175,Katsuura,JP,35.1333,140.3,2021-11-15 19:11:35,58.19,71,32,5.26,scattered clouds
176,San Patricio,US,28.017,-97.5169,2021-11-15 19:19:24,86.09,43,0,12.3,clear sky
177,Kenai,US,60.5544,-151.2583,2021-11-15 19:19:25,-3.91,84,1,5.75,clear sky
178,Ilek,RU,51.5271,53.3831,2021-11-15 19:19:25,16.12,87,20,10.25,few clouds
179,Beringovskiy,RU,63.05,179.3167,2021-11-15 19:19:25,28.42,86,100,14.0,overcast clouds
180,Miedzychod,PL,52.5988,15.897,2021-11-15 19:19:25,42.67,93,1,8.25,clear sky
181,Hualmay,PE,-11.0964,-77.6139,2021-11-15 19:19:26,68.85,72,21,9.78,few clouds
182,Nevers,FR,46.9167,3.3333,2021-11-15 19:19:26,45.19,89,100,4.92,overcast clouds
183,San Quintin,MX,30.4833,-115.95,2021-11-15 19:13:02,77.5,35,0,8.5,clear sky
184,Tonj,SS,7.2737,28.6822,2021-11-15 19:19:27,79.3,41,23,0.69,few clouds
185,Marsh Harbour,BS,26.5412,-77.0636,2021-11-15 19:19:27,75.07,59,100,13.98,overcast clouds
186,Ossora,RU,59.2353,163.0719,2021-11-15 19:19:28,28.51,97,100,3.65,light snow
187,Shaunavon,CA,49.6501,-108.4181,2021-11-15 19:19:28,44.38,75,100,14.94,overcast clouds
188,Rocha,UY,-34.4833,-54.3333,2021-11-15 19:12:36,75.2,79,35,10.04,scattered clouds
189,Grand Gaube,MU,-20.0064,57.6608,2021-11-15 19:19:28,75.6,76,51,3.0,broken clouds
190,Ca Mau,VN,9.1769,105.15,2021-11-15 19:19:28,74.61,98,100,5.77,overcast clouds
191,Gunjur,GM,13.2019,-16.7339,2021-11-15 19:19:29,82.47,74,0,5.75,clear sky
192,Nikel,RU,69.4128,30.222,2021-11-15 19:19:29,32.18,90,100,10.0,overcast clouds
193,Charters Towers,AU,-20.1,146.2667,2021-11-15 19:19:29,74.32,78,5,5.44,clear sky
194,Pontal Do Parana,BR,-25.6533,-48.5128,2021-11-15 19:19:30,83.73,72,22,10.4,few clouds
195,Shelburne,CA,44.0787,-80.2041,2021-11-15 19:16:20,39.09,77,69,13.31,broken clouds
196,Tessalit,ML,20.1986,1.0114,2021-11-15 19:19:30,79.43,21,82,4.12,broken clouds
197,San Cristobal,VE,7.7669,-72.225,2021-11-15 19:19:30,77.18,50,54,4.34,broken clouds
198,Perni,GR,41.0011,24.6356,2021-11-15 19:19:30,54.77,71,20,10.36,few clouds
199,Berlevag,NO,70.8578,29.0864,2021-11-15 19:13:08,39.2,87,20,18.41,few clouds
200,Kandrian,PG,-6.2167,149.55,2021-11-15 19:19:31,77.25,88,100,3.74,overcast clouds
201,Sibolga,ID,1.7427,98.7792,2021-11-15 19:19:31,75.88,87,86,3.27,overcast clouds
202,Rio Gallegos,AR,-51.6226,-69.2181,2021-11-15 19:19:32,55.45,21,75,23.02,broken clouds
203,Buraydah,SA,26.326,43.975,2021-11-15 19:19:32,70.25,26,86,14.03,overcast clouds
204,Verkhnyaya Inta,RU,65.9811,60.3094,2021-11-15 19:19:33,18.21,93,100,14.52,light snow
205,Joao Pinheiro,BR,-17.7425,-46.1725,2021-11-15 19:19:33,76.44,59,93,6.51,overcast clouds
206,Lardos,GR,36.0942,28.0157,2021-11-15 19:19:33,64.22,66,20,5.82,few clouds
207,Yar-Sale,RU,66.8333,70.8333,2021-11-15 19:19:34,3.31,88,86,8.16,overcast clouds
208,Erenhot,CN,43.6475,111.9767,2021-11-15 19:19:34,22.3,81,4,6.24,clear sky
209,Ponta Do Sol,PT,32.6667,-17.1,2021-11-15 19:13:19,69.01,70,100,4.45,overcast clouds
210,Prado,BR,-17.3411,-39.2208,2021-11-15 19:19:34,75.16,67,84,12.03,broken clouds
211,Isangel,VU,-19.55,169.2667,2021-11-15 19:19:35,73.51,88,10,3.44,clear sky
212,Tiksi,RU,71.6872,128.8694,2021-11-15 19:19:35,-13.36,97,96,7.09,overcast clouds
213,Bowen,AU,-20.0167,148.2333,2021-11-15 19:19:35,76.37,79,33,9.66,scattered clouds
214,Tadine,NC,-21.55,167.8833,2021-11-15 19:19:36,76.55,75,10,10.13,clear sky
215,Celestun,MX,20.8667,-90.4,2021-11-15 19:19:36,79.56,56,0,14.74,clear sky
216,Georgetown,MY,5.4112,100.3354,2021-11-15 19:10:37,81.9,88,20,0.0,few clouds
217,Mazarron,ES,37.5992,-1.3149,2021-11-15 19:19:36,58.71,64,1,3.6,clear sky
218,Stara Synyava,UA,49.6032,27.6191,2021-11-15 19:19:37,36.18,75,5,8.99,clear sky
219,Saint-Pierre,RE,-21.3393,55.4781,2021-11-15 19:19:37,74.88,73,0,5.75,clear sky
220,East London,ZA,-33.0153,27.9116,2021-11-15 19:11:12,69.98,84,100,14.7,overcast clouds
221,Alofi,NU,-19.0595,-169.9187,2021-11-15 19:11:03,76.89,69,20,3.44,few clouds
222,La Rioja,ES,42.25,-2.5,2021-11-15 19:19:38,44.49,84,100,7.58,overcast clouds
223,Bandarbeyla,SO,9.4942,50.8122,2021-11-15 19:19:38,78.51,69,99,10.92,overcast clouds
224,Nikolskoye,RU,59.7035,30.7861,2021-11-15 19:10:56,31.87,69,88,9.4,overcast clouds
225,Te Anau,NZ,-45.4167,167.7167,2021-11-15 19:19:38,44.6,92,89,10.0,overcast clouds
226,Saskylakh,RU,71.9167,114.0833,2021-11-15 19:10:38,-27.36,100,25,5.17,scattered clouds
227,Libreville,GA,0.3925,9.4537,2021-11-15 19:19:39,82.42,78,40,8.05,scattered clouds
228,Boda,CF,4.3189,17.4695,2021-11-15 19:19:39,72.1,94,100,4.21,light rain
229,Meulaboh,ID,4.1363,96.1285,2021-11-15 19:19:39,76.57,89,100,3.36,overcast clouds
230,Isawa,JP,35.65,138.6333,2021-11-15 19:19:40,48.2,75,0,2.04,clear sky
231,Bakchar,RU,57.0186,82.0711,2021-11-15 19:19:40,3.34,97,96,3.94,overcast clouds
232,Coihaique,CL,-45.5752,-72.0662,2021-11-15 19:10:38,57.81,41,40,10.36,scattered clouds
233,Puerto Leguizamo,CO,-0.1934,-74.7819,2021-11-15 19:12:25,85.3,65,100,2.71,overcast clouds
234,Rio Muerto,MX,27.4167,-110.2333,2021-11-15 19:19:40,93.72,11,0,10.16,clear sky
235,Kindia,GN,10.0569,-12.8658,2021-11-15 19:19:41,74.32,66,60,2.42,broken clouds
236,Codrington,AU,-38.2667,141.9667,2021-11-15 19:12:37,49.82,65,97,7.92,overcast clouds
237,Port Lincoln,AU,-34.7333,135.8667,2021-11-15 19:19:41,54.91,65,93,5.44,overcast clouds
238,Khatanga,RU,71.9667,102.5,2021-11-15 19:10:39,-29.7,100,78,5.46,broken clouds
239,New Norfolk,AU,-42.7826,147.0587,2021-11-15 19:11:04,44.1,69,73,1.99,broken clouds
240,Sakaiminato,JP,35.55,133.2333,2021-11-15 19:19:42,48.18,93,75,4.61,broken clouds
241,Vardo,NO,70.3705,31.1107,2021-11-15 19:19:42,37.15,93,75,13.8,broken clouds
242,Yerbogachen,RU,61.2767,108.0108,2021-11-15 19:13:32,17.22,96,100,2.84,light snow
243,Nome,US,64.5011,-165.4064,2021-11-15 19:11:00,-2.13,78,1,5.75,clear sky
244,Iqaluit,CA,63.7506,-68.5145,2021-11-15 19:12:28,2.7,77,0,10.0,clear sky
245,Najran,SA,17.4924,44.1277,2021-11-15 19:19:43,63.25,35,0,0.4,clear sky
246,Kavaratti,IN,10.5669,72.642,2021-11-15 19:10:56,80.53,81,100,16.13,overcast clouds
247,Port Hawkesbury,CA,45.6169,-61.3485,2021-11-15 19:19:43,50.18,98,90,8.99,mist
248,Narvik,NO,68.4384,17.4272,2021-11-15 19:19:43,42.58,100,100,6.6,overcast clouds
249,Evensk,RU,61.95,159.2333,2021-11-15 19:13:11,24.22,83,96,14.85,overcast clouds
250,Havre-Saint-Pierre,CA,50.2334,-63.5986,2021-11-15 19:10:45,35.96,93,90,10.36,overcast clouds
251,Tasiilaq,GL,65.6145,-37.6368,2021-11-15 19:11:02,32.16,66,93,10.42,overcast clouds
252,Balclutha,NZ,-46.2339,169.75,2021-11-15 19:19:44,46.58,96,95,4.41,overcast clouds
253,Merauke,ID,-8.4667,140.3333,2021-11-15 19:19:44,77.22,91,100,8.08,overcast clouds
254,Esperance,AU,-33.8667,121.9,2021-11-15 19:10:34,67.17,45,100,17.6,overcast clouds
255,Sola,VU,-13.8833,167.55,2021-11-15 19:12:16,80.13,79,37,11.88,scattered clouds
256,Riyadh,SA,24.6877,46.7219,2021-11-15 19:10:05,68.14,27,7,9.04,clear sky
257,Little Current,CA,45.9793,-81.9248,2021-11-15 19:16:20,41.09,59,100,10.63,overcast clouds
258,Moose Factory,CA,51.2585,-80.6094,2021-11-15 19:19:44,32.0,86,90,14.97,light snow
259,Saryagash,KZ,41.4511,69.1701,2021-11-15 19:19:45,40.96,50,99,4.85,overcast clouds
260,Brownwood,US,31.7093,-98.9912,2021-11-15 19:19:45,81.55,38,0,11.14,clear sky
261,Gerede,TR,40.8008,32.1969,2021-11-15 19:19:45,37.27,62,50,1.9,scattered clouds
262,Maragogi,BR,-9.0122,-35.2225,2021-11-15 19:19:46,82.0,67,9,11.48,clear sky
263,Ancud,CL,-41.8697,-73.8203,2021-11-15 19:16:37,56.73,70,26,10.49,light rain
264,Saint-Augustin,CA,51.226,-58.6502,2021-11-15 19:19:46,37.89,97,100,14.63,overcast clouds
265,Outlook,CA,51.5001,-107.0513,2021-11-15 19:19:46,37.09,76,100,5.57,overcast clouds
266,Zhigansk,RU,66.7697,123.3711,2021-11-15 19:12:18,-25.31,100,95,3.58,overcast clouds
267,Ilulissat,GL,69.2167,-51.1,2021-11-15 19:10:53,12.22,67,75,5.75,broken clouds
268,Kapustin Yar,RU,48.5831,45.7372,2021-11-15 19:19:47,32.18,82,25,17.96,scattered clouds
269,Souillac,MU,-20.5167,57.5167,2021-11-15 19:10:43,75.58,83,40,2.3,scattered clouds
270,Yenagoa,NG,4.9247,6.2642,2021-11-15 19:19:47,77.79,89,97,5.61,overcast clouds
271,Mareeba,AU,-17.0,145.4333,2021-11-15 19:19:47,74.44,93,72,1.59,broken clouds
272,Mogadishu,SO,2.0371,45.3438,2021-11-15 19:10:39,79.79,79,27,11.07,scattered clouds
273,Iskateley,RU,67.6803,53.1512,2021-11-15 19:19:48,17.98,92,100,7.38,overcast clouds
274,Ambon,ID,-3.6954,128.1814,2021-11-15 19:13:13,79.7,80,90,3.83,light rain
275,Varnamo,SE,57.186,14.04,2021-11-15 19:19:48,43.11,88,100,1.01,overcast clouds
276,Ardakan,IR,32.31,54.0175,2021-11-15 19:19:49,55.78,36,100,1.01,overcast clouds
277,Port Elizabeth,ZA,-33.918,25.5701,2021-11-15 19:11:39,67.1,76,100,11.68,overcast clouds
278,Ixtapa,MX,20.7,-105.2,2021-11-15 19:19:49,83.43,54,40,9.22,scattered clouds
279,Kamenka,RU,51.3223,42.7678,2021-11-15 19:19:49,29.16,76,96,16.69,overcast clouds
280,Benghazi,LY,32.1167,20.0667,2021-11-15 19:19:49,70.48,71,14,10.09,few clouds
281,Shitanjing,CN,39.2342,106.3439,2021-11-15 19:19:50,34.2,33,0,3.85,clear sky
282,Haines Junction,CA,60.7522,-137.5108,2021-11-15 19:12:51,6.96,86,80,1.5,broken clouds
283,Beloit,US,42.5084,-89.0318,2021-11-15 19:19:50,35.15,73,90,1.01,overcast clouds
284,Kahului,US,20.8947,-156.47,2021-11-15 19:12:19,83.46,82,20,11.5,few clouds
285,Kandete,TZ,-9.15,33.8,2021-11-15 19:19:51,64.81,73,52,1.14,broken clouds
286,Pangkalanbuun,ID,-2.6833,111.6167,2021-11-15 19:19:51,73.6,99,100,1.68,overcast clouds
287,La Ronge,CA,55.1001,-105.2842,2021-11-15 19:19:52,30.45,93,90,5.75,mist
288,Cayenne,GF,4.9333,-52.3333,2021-11-15 19:10:55,84.24,80,29,4.61,scattered clouds
289,Olafsvik,IS,64.8945,-23.7142,2021-11-15 19:19:52,38.3,71,99,30.82,overcast clouds
290,Bathsheba,BB,13.2167,-59.5167,2021-11-15 19:12:28,86.61,62,40,24.16,scattered clouds
291,Redondela,ES,42.2834,-8.6096,2021-11-15 19:19:52,59.25,71,20,3.44,few clouds
292,Gazanjyk,TM,39.2446,55.5154,2021-11-15 19:19:53,51.96,56,100,1.21,overcast clouds
293,Soyo,AO,-6.1349,12.3689,2021-11-15 19:19:53,79.03,86,98,8.75,overcast clouds
294,Porto Novo,BJ,6.4965,2.6036,2021-11-15 19:13:42,81.27,78,96,7.65,overcast clouds
295,Cap Malheureux,MU,-19.9842,57.6142,2021-11-15 19:19:54,75.69,76,41,3.0,scattered clouds
296,Vanderhoof,CA,54.0166,-124.0198,2021-11-15 19:18:45,33.19,92,100,5.46,light snow
297,Touros,BR,-5.1989,-35.4608,2021-11-15 19:12:03,85.1,69,100,15.37,overcast clouds
298,Vershino-Shakhtaminskiy,RU,51.3012,117.8868,2021-11-15 19:19:54,14.49,89,36,3.87,scattered clouds
299,Yaan,NG,7.3833,8.5667,2021-11-15 19:19:55,84.58,52,67,4.45,broken clouds
300,Namatanai,PG,-3.6667,152.4333,2021-11-15 19:19:55,78.91,83,99,7.09,moderate rain
301,La Primavera,CO,5.4906,-70.4092,2021-11-15 19:19:56,93.67,38,34,13.13,scattered clouds
302,Lima,PE,-12.0432,-77.0282,2021-11-15 19:17:07,68.14,68,40,6.91,scattered clouds
303,Sao Gabriel Da Cachoeira,BR,-0.1303,-67.0892,2021-11-15 19:19:56,93.0,59,40,5.75,scattered clouds
304,Broken Hill,AU,-31.95,141.4333,2021-11-15 19:19:56,51.48,66,0,10.71,clear sky
305,Lhokseumawe,ID,5.1801,97.1507,2021-11-15 19:19:57,76.6,92,100,8.14,overcast clouds
306,Morondava,MG,-20.2833,44.2833,2021-11-15 19:19:57,78.42,79,73,7.11,broken clouds
307,Praia Da Vitoria,PT,38.7333,-27.0667,2021-11-15 19:19:58,68.25,88,20,19.57,few clouds
308,Tromso,NO,69.6496,18.957,2021-11-15 19:19:58,41.02,81,75,4.0,broken clouds
309,Kautokeino,NO,69.0125,23.0412,2021-11-15 19:19:58,29.57,87,100,7.43,overcast clouds
310,Kapoeta,SS,4.7717,33.5903,2021-11-15 19:19:59,86.63,29,21,9.82,few clouds
311,Batagay,RU,67.6333,134.6333,2021-11-15 19:19:59,-12.82,96,99,1.59,overcast clouds
312,Gazojak,TM,41.1875,61.4036,2021-11-15 19:20:00,42.24,43,84,9.33,broken clouds
313,Madera,US,37.1666,-119.8343,2021-11-15 19:12:13,84.97,45,100,1.01,overcast clouds
314,Hasaki,JP,35.7333,140.8333,2021-11-15 19:06:11,52.29,57,100,6.58,overcast clouds
315,Roseto Degli Abruzzi,IT,42.6664,14.0227,2021-11-15 19:20:00,63.09,79,100,5.59,light rain
316,Chibombo,ZM,-14.6569,28.0706,2021-11-15 19:20:00,75.67,48,14,8.57,few clouds
317,Jishou,CN,28.3167,109.7167,2021-11-15 19:20:01,57.2,82,100,2.24,overcast clouds
318,Portland,US,45.5234,-122.6762,2021-11-15 19:08:55,63.63,78,90,5.99,light rain
319,Changji,CN,44.0167,87.3167,2021-11-15 19:20:02,36.39,87,0,2.24,clear sky
320,Moosomin,CA,50.1333,-101.6677,2021-11-15 19:20:02,30.83,98,100,5.46,overcast clouds
321,Manado,ID,1.487,124.8455,2021-11-15 19:20:03,75.97,94,40,2.3,scattered clouds
322,Vila Franca Do Campo,PT,37.7167,-25.4333,2021-11-15 19:11:59,69.19,85,31,11.68,scattered clouds
323,Bereda,ES,43.2686,-7.5406,2021-11-15 19:11:24,54.91,98,100,7.45,overcast clouds
324,Geraldton,AU,-28.7667,114.6,2021-11-15 19:11:30,64.81,82,90,6.91,overcast clouds
325,Bestobe,KZ,52.4994,73.0975,2021-11-15 19:20:03,14.77,96,86,3.87,overcast clouds
326,Palakkad,IN,10.7833,76.65,2021-11-15 19:20:03,73.08,97,78,4.32,light rain
327,Biak,ID,-0.9131,122.8766,2021-11-15 19:20:04,76.46,84,100,0.49,overcast clouds
328,Clifton,US,40.8584,-74.1638,2021-11-15 19:16:20,49.1,63,75,4.0,broken clouds
329,Teguldet,RU,57.3064,88.1667,2021-11-15 19:20:04,18.86,93,100,6.2,overcast clouds
330,Maumere,ID,-8.6199,122.2111,2021-11-15 19:20:04,79.84,80,79,0.6,broken clouds
331,Malinovoye Ozero,RU,51.6753,79.7825,2021-11-15 19:20:05,25.65,91,95,8.7,overcast clouds
332,Kars,TR,40.602,43.095,2021-11-15 19:20:05,32.45,64,0,9.22,clear sky
333,Coari,BR,-4.085,-63.1414,2021-11-15 19:20:05,86.36,66,100,0.65,overcast clouds
334,Sterling,US,39.0062,-77.4286,2021-11-15 19:20:06,51.69,51,75,1.01,broken clouds
335,Canton,CN,23.1167,113.25,2021-11-15 19:20:07,69.01,51,7,3.74,clear sky
336,Asau,RO,46.4333,26.4,2021-11-15 19:11:32,45.75,85,100,4.29,overcast clouds
337,Bethel,US,41.3712,-73.414,2021-11-15 19:11:50,47.1,63,75,1.01,broken clouds
338,Narsaq,GL,60.9167,-46.05,2021-11-15 19:11:31,14.22,73,2,5.88,clear sky
339,Warragul,AU,-38.1667,145.9333,2021-11-15 19:20:07,46.87,93,44,1.99,scattered clouds
340,Riacho De Santana,BR,-13.6092,-42.9389,2021-11-15 19:20:07,73.99,69,99,11.18,overcast clouds
341,Hamilton,US,39.1834,-84.5333,2021-11-15 19:11:06,44.6,60,1,1.99,clear sky
342,Tautira,PF,-17.7333,-149.15,2021-11-15 19:20:08,82.42,77,100,18.03,overcast clouds
343,Isabela,PH,6.7085,121.9711,2021-11-15 19:20:08,77.07,86,100,1.23,overcast clouds
344,Jatiroto,ID,-7.8833,111.1167,2021-11-15 19:20:08,72.99,93,100,1.16,overcast clouds
345,Puerto Baquerizo Moreno,EC,-0.9,-89.6,2021-11-15 19:20:09,74.39,69,75,16.11,broken clouds
346,Anadyr,RU,64.75,177.4833,2021-11-15 19:12:49,16.32,93,100,6.8,overcast clouds
347,Azad Shahr,IR,34.7909,48.5707,2021-11-15 19:20:09,47.43,41,100,4.03,overcast clouds
348,Salta,AR,-24.7859,-65.4117,2021-11-15 19:20:10,86.59,36,20,11.01,few clouds
349,Lillooet,CA,50.6856,-121.942,2021-11-15 19:20:10,48.92,99,100,2.55,light rain
350,Ola,RU,59.5833,151.2833,2021-11-15 19:12:48,19.92,82,100,10.78,overcast clouds
351,Vilhena,BR,-12.7406,-60.1458,2021-11-15 19:10:50,78.42,81,87,4.47,moderate rain
352,Suluq,LY,31.6682,20.2521,2021-11-15 19:20:10,67.3,80,0,7.47,clear sky
353,Inhambane,MZ,-23.865,35.3833,2021-11-15 19:20:11,76.98,88,20,5.75,few clouds
354,Pyapon,MM,16.2833,95.6833,2021-11-15 19:20:11,76.03,85,64,3.94,broken clouds
355,Bonthe,SL,7.5264,-12.505,2021-11-15 19:20:11,80.83,78,87,7.4,overcast clouds
356,Camaqua,BR,-30.8511,-51.8122,2021-11-15 19:20:12,81.93,46,4,10.67,clear sky
357,Inndyr,NO,67.0338,14.0276,2021-11-15 19:20:12,44.64,89,99,13.06,overcast clouds
358,Rovaniemi,FI,66.5,25.7167,2021-11-15 19:20:13,33.21,100,90,14.97,snow
359,Nola,IT,40.922,14.5329,2021-11-15 19:20:13,61.21,75,100,6.2,overcast clouds
360,Sorong,ID,-0.8833,131.25,2021-11-15 19:20:13,77.67,86,100,5.79,overcast clouds
361,Ikom,NG,5.9667,8.7063,2021-11-15 19:20:14,77.68,87,89,3.09,light rain
362,Olot,ES,42.181,2.4901,2021-11-15 19:20:14,54.21,61,98,3.53,light rain
363,San Carlos De Bariloche,AR,-41.1456,-71.3082,2021-11-15 19:20:14,49.75,46,75,19.57,broken clouds
364,Ostuni,IT,40.7276,17.5764,2021-11-15 19:17:30,61.77,90,100,11.61,overcast clouds
365,Sinnamary,GF,5.3833,-52.95,2021-11-15 19:12:57,82.2,76,85,7.9,overcast clouds
366,Piacabucu,BR,-10.4056,-36.4344,2021-11-15 19:13:12,82.27,69,19,14.88,few clouds
367,Cervo,ES,43.6702,-7.4101,2021-11-15 19:20:15,57.96,81,100,15.08,overcast clouds
368,Pangody,RU,65.85,74.4859,2021-11-15 19:20:16,5.88,96,100,9.1,overcast clouds
369,Teahupoo,PF,-17.8333,-149.2667,2021-11-15 19:20:16,76.96,78,88,19.89,overcast clouds
370,Marienburg,PL,54.0359,19.0266,2021-11-15 19:20:16,44.06,74,95,6.73,overcast clouds
371,Quatre Cocos,MU,-20.2078,57.7625,2021-11-15 19:20:17,75.31,69,58,6.78,broken clouds
372,Podor,MR,16.6527,-14.9587,2021-11-15 19:20:17,92.93,24,95,4.03,overcast clouds
373,Pasco,US,28.292,-82.4165,2021-11-15 19:20:17,75.06,45,0,3.0,clear sky
374,Kahama,TZ,-3.8333,32.6,2021-11-15 19:20:18,74.75,46,26,3.29,scattered clouds
375,Imeni Poliny Osipenko,RU,52.4201,136.4853,2021-11-15 19:20:18,-0.35,99,70,2.77,broken clouds
376,Villamontes,BO,-21.25,-63.5,2021-11-15 19:20:19,87.17,48,95,4.9,overcast clouds
377,The Valley,AI,18.217,-63.0578,2021-11-15 19:20:19,85.86,65,20,16.11,few clouds
378,Tuatapere,NZ,-46.1333,167.6833,2021-11-15 19:12:31,44.28,94,100,6.06,overcast clouds
379,Slave Lake,CA,55.2834,-114.769,2021-11-15 19:20:19,30.18,93,90,3.44,overcast clouds
380,Ormara,PK,25.2088,64.6357,2021-11-15 19:20:20,77.36,37,69,5.44,broken clouds
381,Petropavlovsk-Kamchatskiy,RU,53.0452,158.6483,2021-11-15 19:20:20,28.99,100,75,6.71,broken clouds
382,Port Blair,IN,11.6667,92.75,2021-11-15 19:20:21,79.81,84,61,7.74,broken clouds
383,Hithadhoo,MV,-0.6,73.0833,2021-11-15 19:11:28,82.35,74,14,12.73,few clouds
384,Necochea,AR,-38.5473,-58.7368,2021-11-15 19:12:15,66.85,53,50,22.3,scattered clouds
385,Nishihara,JP,26.1842,127.7558,2021-11-15 19:20:21,67.28,72,40,5.75,scattered clouds
386,Vannes,FR,47.8333,-2.5,2021-11-15 19:20:22,52.29,91,11,6.93,few clouds
387,Fernley,US,39.608,-119.2518,2021-11-15 19:20:22,69.46,19,100,6.71,overcast clouds
388,Namwala,ZM,-15.7504,26.4384,2021-11-15 19:20:22,77.72,41,6,3.2,clear sky
389,Dekar,BW,-21.5333,21.9333,2021-11-15 19:20:23,84.6,28,30,12.86,scattered clouds
390,Qui Nhon,VN,13.7667,109.2333,2021-11-15 19:20:23,76.1,92,100,10.09,overcast clouds
391,Samana,DO,19.2056,-69.3369,2021-11-15 19:20:23,91.62,66,20,9.22,few clouds
392,Batemans Bay,AU,-35.7167,150.1833,2021-11-15 19:20:24,48.9,79,6,5.03,clear sky
393,Kiunga,PG,-6.1219,141.2906,2021-11-15 19:20:24,72.68,99,100,1.5,overcast clouds
394,Portobelo,PA,9.55,-79.65,2021-11-15 19:20:24,86.41,78,35,9.82,scattered clouds
395,Alappuzha,IN,9.49,76.3264,2021-11-15 19:20:24,77.4,86,100,1.39,light rain
396,Lata,PT,40.1629,-8.3327,2021-11-15 19:20:25,54.05,72,5,3.69,clear sky
397,Sibu,MY,2.3,111.8167,2021-11-15 19:20:25,75.51,94,40,2.3,scattered clouds
398,Caravelas,BR,-17.7125,-39.2481,2021-11-15 19:20:25,76.42,59,93,10.02,overcast clouds
399,Port-Gentil,GA,-0.7193,8.7815,2021-11-15 19:20:26,79.81,84,19,12.8,few clouds
400,Timizart,DZ,36.8,4.2667,2021-11-15 19:20:26,51.13,91,100,15.82,overcast clouds
401,Kozachi Laheri,UA,46.7037,32.9776,2021-11-15 19:20:26,40.86,62,0,13.96,clear sky
402,Kutum,SD,14.2,24.6667,2021-11-15 19:20:27,72.39,15,0,6.91,clear sky
403,Vila Velha,BR,-20.3297,-40.2925,2021-11-15 19:13:19,76.95,71,75,1.01,broken clouds
404,Ayan,RU,56.45,138.1667,2021-11-15 19:20:27,10.33,69,86,15.46,overcast clouds
405,Korem,ET,12.5058,39.5228,2021-11-15 19:20:27,54.34,56,0,3.44,clear sky
406,Pilna,RU,55.5539,45.9219,2021-11-15 19:20:28,13.57,97,69,4.43,broken clouds
407,Roma,US,43.2128,-75.4557,2021-11-15 19:10:57,42.85,90,90,8.05,overcast clouds
408,Honningsvag,NO,70.9821,25.9704,2021-11-15 19:20:28,40.75,87,75,23.02,shower rain
409,Copiapo,CL,-27.3667,-70.3333,2021-11-15 19:16:22,60.49,27,0,10.69,clear sky
410,Mitsamiouli,KM,-11.3847,43.2844,2021-11-15 19:13:49,80.06,73,3,4.76,clear sky
411,Saint-Denis,FR,48.9167,2.3333,2021-11-15 19:20:28,45.28,94,90,3.0,light intensity drizzle
412,Seoul,KR,37.5683,126.9778,2021-11-15 19:12:37,44.04,67,48,1.48,scattered clouds
413,Bumba,CD,2.1833,22.4667,2021-11-15 19:20:29,72.28,96,100,3.02,light rain
414,Esmeralda,CU,21.8525,-78.1169,2021-11-15 19:20:29,87.04,67,98,11.59,moderate rain
415,Ikalamavony,MG,-21.15,46.5833,2021-11-15 19:20:30,76.01,59,100,4.32,overcast clouds
416,Yumen,CN,40.2833,97.2,2021-11-15 19:12:35,30.16,34,15,15.86,few clouds
417,San Ignacio,BZ,17.1561,-89.0714,2021-11-15 19:20:30,75.34,100,90,4.61,overcast clouds
418,Olinda,BR,-8.0089,-34.8553,2021-11-15 19:20:31,83.93,65,40,10.36,scattered clouds
419,Torbay,CA,47.6666,-52.7314,2021-11-15 19:10:38,42.76,95,90,6.91,mist
420,Pisco,PE,-13.7,-76.2167,2021-11-15 19:20:31,71.65,64,0,11.5,clear sky
421,Mecca,SA,21.4267,39.8261,2021-11-15 19:16:42,78.94,65,3,5.57,clear sky
422,Gondanglegi,ID,-7.7479,112.0132,2021-11-15 19:20:31,74.23,93,100,0.29,overcast clouds
423,Kirya,TZ,-3.9167,37.4833,2021-11-15 19:20:32,75.92,62,29,10.87,scattered clouds
424,Tsiroanomandidy,MG,-18.7667,46.0333,2021-11-15 19:20:32,67.69,79,100,3.15,light rain
425,Mabaruma,GY,8.2,-59.7833,2021-11-15 19:12:58,82.08,76,65,6.31,broken clouds
426,Champerico,GT,14.3,-91.9167,2021-11-15 19:13:46,91.94,67,4,6.38,clear sky
427,Los Llanos De Aridane,ES,28.6585,-17.9182,2021-11-15 19:12:47,67.75,74,75,5.75,broken clouds
428,Moroni,KM,-11.7022,43.2551,2021-11-15 19:20:33,78.84,77,2,0.43,clear sky
429,Durg,IN,21.1833,81.2833,2021-11-15 19:20:33,73.38,82,23,5.66,few clouds
430,Northam,GB,51.0333,-4.2167,2021-11-15 19:20:34,52.02,90,83,4.03,broken clouds
431,Taraz,KZ,42.9,71.3667,2021-11-15 19:20:34,32.41,80,95,4.47,overcast clouds
432,Petauke,ZM,-14.2426,31.3253,2021-11-15 19:20:34,69.57,67,32,10.85,scattered clouds
433,Gusau,NG,12.1628,6.6614,2021-11-15 19:13:55,84.09,17,100,4.74,overcast clouds
434,Caconda,AO,-13.7333,15.0667,2021-11-15 19:20:35,62.78,91,100,2.68,moderate rain
435,Cacu,BR,-18.5567,-51.1308,2021-11-15 19:20:35,88.09,40,100,6.2,overcast clouds
436,Rolla,US,37.9514,-91.7713,2021-11-15 19:19:19,65.86,35,1,5.99,clear sky
437,Penzance,GB,50.1186,-5.5371,2021-11-15 19:20:35,53.76,86,87,4.29,overcast clouds
438,Siocon,PH,7.7061,122.1353,2021-11-15 19:20:36,78.12,86,100,1.43,overcast clouds
439,Abong Mbang,CM,3.9833,13.1833,2021-11-15 19:20:36,69.73,93,57,2.39,broken clouds
440,Marawi,PH,7.9986,124.2928,2021-11-15 19:20:36,65.64,93,100,1.77,overcast clouds
441,Abapo,BO,-18.8333,-63.4667,2021-11-15 19:20:36,75.36,64,100,6.55,overcast clouds
442,Turayf,SA,31.6725,38.6637,2021-11-15 19:20:37,55.65,58,40,9.22,scattered clouds
443,Pemangkat,ID,1.1667,108.9667,2021-11-15 19:13:17,77.81,84,100,3.96,overcast clouds
444,Maltahohe,NA,-24.8333,16.9833,2021-11-15 19:20:37,79.47,23,28,15.12,scattered clouds
445,Chapais,CA,49.7834,-74.8492,2021-11-15 19:20:37,28.18,66,100,5.84,overcast clouds
446,Luwingu,ZM,-10.2621,29.9271,2021-11-15 19:20:38,71.83,54,100,5.06,light rain
447,Ulagan,RU,50.6321,87.9563,2021-11-15 19:20:38,12.6,74,40,4.36,scattered clouds
448,Pacific Grove,US,36.6177,-121.9166,2021-11-15 19:12:03,75.61,68,20,1.99,few clouds
449,Ostrovnoy,RU,68.0531,39.5131,2021-11-15 19:12:46,25.84,94,100,12.41,light snow
450,Micheweni,TZ,-4.9667,39.8333,2021-11-15 19:13:51,79.0,78,57,8.75,broken clouds
451,Sri Aman,MY,1.2376,111.4621,2021-11-15 19:20:38,77.05,94,100,0.0,overcast clouds
452,Homer,US,59.6425,-151.5483,2021-11-15 19:10:30,17.76,73,1,8.05,clear sky
453,Hueytown,US,33.4512,-86.9967,2021-11-15 19:20:39,67.69,39,1,4.61,clear sky
454,Sosva,RU,59.1766,61.8558,2021-11-15 19:20:39,14.09,91,25,7.31,scattered clouds
455,Kokopo,PG,-4.352,152.2633,2021-11-15 19:20:40,77.34,85,100,2.86,light rain
456,Mount Gambier,AU,-37.8333,140.7667,2021-11-15 19:11:22,47.43,77,100,4.09,overcast clouds
457,Araouane,ML,18.9048,-3.5265,2021-11-15 19:12:13,81.66,23,100,10.31,overcast clouds
458,Bambanglipuro,ID,-7.95,110.2833,2021-11-15 19:20:40,60.6,90,100,2.21,overcast clouds
459,Rexburg,US,43.826,-111.7897,2021-11-15 19:16:13,60.06,54,1,0.0,clear sky
460,Avera,US,33.194,-82.5271,2021-11-15 19:20:40,67.51,22,1,10.87,clear sky
461,Sao Filipe,CV,14.8961,-24.4956,2021-11-15 19:11:39,76.03,79,94,9.22,overcast clouds
462,Vydrino,RU,51.485,104.8461,2021-11-15 19:20:41,31.53,65,97,6.6,overcast clouds
463,San Luis,AR,-33.295,-66.3356,2021-11-15 19:10:43,85.03,29,1,4.18,clear sky
464,Marulanda,CO,5.2839,-75.2602,2021-11-15 19:20:41,57.24,93,98,1.79,overcast clouds
465,Roura,GF,4.7263,-52.3274,2021-11-15 19:20:42,84.11,84,66,4.61,broken clouds
466,Waingapu,ID,-9.6567,120.2641,2021-11-15 19:20:42,80.22,81,100,3.71,overcast clouds
467,Culebra,PR,18.303,-65.301,2021-11-15 19:20:42,87.67,67,7,8.01,clear sky
468,Sao Joao Da Barra,BR,-21.6403,-41.0511,2021-11-15 19:20:43,77.09,70,62,15.32,broken clouds
469,Udachnyy,RU,66.4167,112.4,2021-11-15 19:20:43,-4.97,99,100,1.88,overcast clouds
470,Kerema,PG,-7.9631,145.7785,2021-11-15 19:20:43,78.46,86,100,4.61,overcast clouds
471,Parkes,AU,-33.1333,148.1833,2021-11-15 19:20:44,44.85,70,3,5.1,clear sky
472,Rock Sound,BS,24.9,-76.2,2021-11-15 19:20:44,78.21,78,100,15.97,overcast clouds
473,Sabha,LY,27.0377,14.4283,2021-11-15 19:20:45,67.42,44,100,2.73,overcast clouds
474,Ust-Tsilma,RU,65.441,52.1498,2021-11-15 19:20:45,22.82,84,100,10.76,overcast clouds
475,Akyab,MM,20.15,92.9,2021-11-15 19:20:45,77.27,85,90,5.44,overcast clouds
476,Hunterville,NZ,-39.9333,175.5667,2021-11-15 19:20:46,63.25,70,33,12.93,scattered clouds
477,Mildura,AU,-34.2,142.15,2021-11-15 19:20:46,46.36,76,90,5.75,overcast clouds
478,Matara,LK,5.9485,80.5353,2021-11-15 19:20:46,78.53,89,100,12.35,light rain
479,Port Moresby,PG,-9.4431,147.1797,2021-11-15 19:20:47,76.5,88,100,3.74,overcast clouds
480,Qaqortoq,GL,60.7167,-46.0333,2021-11-15 19:20:47,14.5,60,0,19.3,clear sky
481,Bosaso,SO,11.2842,49.1816,2021-11-15 19:20:47,77.43,67,7,5.59,clear sky
482,Praya,CV,14.9215,-23.5087,2021-11-15 19:13:07,79.34,65,75,12.66,broken clouds
483,Powell River,CA,49.8496,-124.5361,2021-11-15 19:19:58,46.4,93,90,12.66,mist
484,Harper,LR,4.375,-7.7169,2021-11-15 19:20:48,79.75,81,15,5.86,few clouds
485,Krasnyy Oktyabr,RU,56.1167,38.8833,2021-11-15 19:20:48,21.65,95,61,3.36,broken clouds
486,Komsomolskiy,UZ,40.4272,71.7189,2021-11-15 19:20:49,40.42,80,1,4.61,mist
487,Xuddur,SO,4.1213,43.8894,2021-11-15 19:20:49,75.07,68,66,10.47,broken clouds
488,Ulaangom,MN,49.9811,92.0667,2021-11-15 19:20:49,23.97,55,2,8.46,clear sky
489,Buchanan,LR,5.8808,-10.0467,2021-11-15 19:13:30,82.36,78,100,6.46,overcast clouds
490,Pangnirtung,CA,66.1451,-65.7125,2021-11-15 19:20:50,-0.02,75,53,4.9,broken clouds
491,Naze,JP,28.3667,129.4833,2021-11-15 19:12:13,63.32,61,16,8.41,few clouds
492,Tazovskiy,RU,67.4667,78.7,2021-11-15 19:20:50,4.3,89,100,12.71,overcast clouds
493,Awbari,LY,26.5921,12.7805,2021-11-15 19:20:50,66.31,44,58,5.14,broken clouds
494,Itoman,JP,26.1247,127.6694,2021-11-15 19:20:50,68.02,60,20,9.22,few clouds
495,Thinadhoo,MV,0.5333,72.9333,2021-11-15 19:13:10,82.69,72,36,15.99,scattered clouds
496,Amapa,BR,1.0,-52.0,2021-11-15 19:20:51,89.74,48,74,4.32,broken clouds
497,Aksu,CN,41.1231,80.2644,2021-11-15 19:20:51,34.21,46,8,3.27,clear sky
498,Bani,DO,18.2833,-70.3333,2021-11-15 19:20:51,87.75,55,9,13.4,clear sky
499,Aklavik,CA,68.2191,-135.0107,2021-11-15 19:12:00,8.62,93,100,9.82,overcast clouds
500,Labuhan,ID,-6.8844,112.2051,2021-11-15 19:20:52,76.05,88,100,5.77,overcast clouds
501,Elizabeth City,US,36.2946,-76.2511,2021-11-15 19:20:52,55.45,40,1,5.01,clear sky
502,Wote,KE,-1.7808,37.6288,2021-11-15 19:20:52,65.71,93,57,0.98,light rain
503,Ketchikan,US,55.3422,-131.6461,2021-11-15 19:11:11,36.07,93,75,3.44,broken clouds
504,Singaparna,ID,-7.3515,108.111,2021-11-15 19:20:53,71.2,96,100,1.83,overcast clouds
505,Laredo,US,27.5064,-99.5075,2021-11-15 19:15:55,82.85,57,1,6.91,clear sky
506,Lac Du Bonnet,CA,50.2536,-96.0612,2021-11-15 19:19:39,26.58,75,86,7.02,overcast clouds
507,Leningradskiy,RU,69.3833,178.4167,2021-11-15 19:13:03,14.56,95,100,8.39,overcast clouds
508,Dakar,SN,14.6937,-17.4441,2021-11-15 19:17:59,81.48,83,0,6.91,clear sky
509,Port Hedland,AU,-20.3167,118.5667,2021-11-15 19:12:39,75.25,69,98,9.22,overcast clouds
510,Liberal,US,37.0431,-100.921,2021-11-15 19:20:53,81.16,19,1,6.91,clear sky
511,Aksay,RU,47.26,39.87,2021-11-15 19:20:54,41.25,61,10,8.99,clear sky
512,Balkhash,KZ,46.844,74.9804,2021-11-15 19:13:11,33.24,62,100,7.07,overcast clouds
513,Tateyama,JP,34.9833,139.8667,2021-11-15 19:20:54,58.1,68,7,5.03,clear sky
514,Tezu,IN,27.9167,96.1667,2021-11-15 19:12:55,62.31,41,3,4.54,clear sky
515,Shu,KZ,43.5983,73.7614,2021-11-15 19:20:54,33.73,73,94,3.89,overcast clouds
516,Monroe,US,43.1501,-77.6831,2021-11-15 19:18:47,42.4,84,75,9.22,light snow
517,Jurm,AF,36.8648,70.8342,2021-11-15 19:20:55,36.73,44,0,6.71,clear sky
518,Jamundi,CO,3.2607,-76.535,2021-11-15 19:20:55,78.76,79,81,3.36,broken clouds
519,Bairiki,KI,1.3292,172.9752,2021-11-15 19:20:55,80.6,78,75,8.05,broken clouds
520,Bac Lieu,VN,9.285,105.7244,2021-11-15 19:20:56,77.2,91,100,9.64,overcast clouds
521,Carnot,CF,4.9409,15.8665,2021-11-15 19:20:56,71.85,91,91,2.19,light rain
522,Dunmore East,IE,52.1514,-6.9861,2021-11-15 19:20:56,50.68,77,31,8.19,scattered clouds
523,Shikhazany,RU,55.5605,47.393,2021-11-15 19:20:57,23.63,97,88,5.73,overcast clouds
524,Wilmington,US,34.2257,-77.9447,2021-11-15 19:20:43,64.98,36,1,12.66,clear sky
525,Rapar,IN,23.5667,70.6333,2021-11-15 19:20:57,75.88,29,100,7.72,overcast clouds
526,Yantzaza,EC,-3.8278,-78.7594,2021-11-15 19:20:57,83.14,69,97,3.42,light rain
527,Kenora,CA,49.8167,-94.4337,2021-11-15 19:20:58,28.38,80,75,4.61,broken clouds
528,Marystown,CA,47.1666,-55.1483,2021-11-15 19:20:58,47.86,100,100,7.87,overcast clouds
529,Franca,BR,-20.5386,-47.4008,2021-11-15 19:20:58,78.19,43,16,6.17,few clouds
530,Siyabuswa,ZA,-25.1132,29.0445,2021-11-15 19:20:59,75.65,57,94,11.83,overcast clouds
531,Henties Bay,NA,-22.116,14.2845,2021-11-15 19:13:54,64.85,87,99,2.3,overcast clouds
532,Kimbe,PG,-5.5502,150.1429,2021-11-15 19:11:40,75.25,94,84,2.28,broken clouds
533,Hulan,CN,45.9833,126.6,2021-11-15 19:20:59,17.71,94,15,6.08,few clouds
534,Kampong Thum,KH,12.7111,104.8887,2021-11-15 19:21:00,73.53,97,98,3.06,light rain
535,Boende,CD,-0.2167,20.8667,2021-11-15 19:21:00,71.26,97,100,0.96,overcast clouds
536,Sohag,EG,26.557,31.6948,2021-11-15 19:21:00,72.27,44,2,7.23,clear sky
537,Brae,GB,60.3964,-1.353,2021-11-15 19:21:01,49.91,80,100,23.42,overcast clouds
538,Bokoro,TD,12.3807,17.0568,2021-11-15 19:21:01,88.07,16,12,10.36,few clouds
539,Kosh-Agach,RU,50.0,88.6667,2021-11-15 19:21:01,14.43,56,25,10.33,scattered clouds
540,Florence,IT,43.7667,11.25,2021-11-15 19:21:02,60.64,76,0,5.75,clear sky
541,Roald,NO,62.5833,6.1333,2021-11-15 19:21:02,50.92,81,75,11.5,broken clouds
542,Tamluk,IN,22.3,87.9167,2021-11-15 19:21:03,73.38,78,100,3.44,overcast clouds
543,Flinders,AU,-34.5833,150.8552,2021-11-15 19:21:03,54.81,67,0,9.08,clear sky
544,Namibe,AO,-15.1961,12.1522,2021-11-15 19:21:04,73.76,81,100,12.53,light rain
545,Serra Talhada,BR,-7.9919,-38.2983,2021-11-15 19:21:04,90.52,29,100,6.93,overcast clouds
546,Ambilobe,MG,-13.2,49.05,2021-11-15 19:12:56,77.31,78,25,1.99,scattered clouds
547,Paka,MY,4.6374,103.4368,2021-11-15 19:21:04,76.93,100,82,0.0,broken clouds
548,Ranong,TH,9.9658,98.6348,2021-11-15 19:21:05,75.54,93,100,3.38,moderate rain
549,Manokwari,ID,-0.8667,134.0833,2021-11-15 19:21:05,77.97,79,100,1.43,overcast clouds
550,Burnie,AU,-41.0667,145.9167,2021-11-15 19:21:06,42.93,79,30,7.78,scattered clouds
551,Hambantota,LK,6.1241,81.1185,2021-11-15 19:21:06,79.83,81,100,15.43,overcast clouds
552,Lazo,RU,43.3817,133.9014,2021-11-15 19:21:07,17.71,87,5,3.76,clear sky
553,Ojinaga,MX,29.5667,-104.4167,2021-11-15 19:21:07,84.58,22,1,3.44,clear sky
554,Bengkulu,ID,-3.8004,102.2655,2021-11-15 19:11:58,76.37,83,99,3.2,overcast clouds
555,Hovd,MN,48.0056,91.6419,2021-11-15 19:21:07,28.6,43,1,7.76,clear sky
556,Asosa,ET,10.0667,34.5333,2021-11-15 19:21:08,64.67,44,97,4.32,overcast clouds
557,Ganzhou,CN,28.8184,115.4327,2021-11-15 19:21:08,61.29,47,99,3.22,overcast clouds
558,Krasnoselkup,RU,65.7,82.4667,2021-11-15 19:12:33,-6.86,99,97,10.76,overcast clouds
559,Xining,CN,36.6167,101.7667,2021-11-15 19:21:09,28.74,53,100,2.91,overcast clouds
560,Gold Coast,AU,-28.0,153.4333,2021-11-15 19:19:12,63.03,69,100,3.44,overcast clouds
561,Phek,IN,25.6667,94.5,2021-11-15 19:21:09,44.64,98,16,1.16,few clouds
562,Carballo,ES,43.213,-8.691,2021-11-15 19:21:10,57.0,89,100,10.54,overcast clouds
563,Hami,CN,42.8,93.45,2021-11-15 19:11:14,35.15,44,100,6.04,overcast clouds
564,Calvia,ES,39.5657,2.5062,2021-11-15 19:21:10,55.9,75,100,22.35,overcast clouds
565,Rayong,TH,12.8333,101.4333,2021-11-15 19:21:10,77.99,99,100,3.27,overcast clouds
566,Santa Isabel Do Rio Negro,BR,-0.4139,-65.0192,2021-11-15 19:21:10,85.91,67,100,1.81,overcast clouds
567,Mount Isa,AU,-20.7333,139.5,2021-11-15 19:13:20,65.97,30,5,11.5,clear sky
568,Prainha,BR,-1.8,-53.48,2021-11-15 19:21:11,91.67,44,100,3.49,overcast clouds
569,Cairns,AU,-16.9167,145.7667,2021-11-15 19:19:19,79.07,96,75,10.36,broken clouds
570,Mascote,BR,-15.5631,-39.3025,2021-11-15 19:21:11,69.82,98,100,4.47,overcast clouds
571,Milkovo,RU,54.7167,158.6167,2021-11-15 19:21:12,24.24,97,100,3.38,snow
572,Ribas Do Rio Pardo,BR,-20.4431,-53.7592,2021-11-15 19:21:12,86.43,45,100,8.05,light rain
573,Pleasant Point,NZ,-44.2667,171.1333,2021-11-15 19:21:13,53.46,67,0,12.55,clear sky
574,Viedma,AR,-40.8135,-62.9967,2021-11-15 19:20:26,55.87,56,100,18.79,overcast clouds
575,Tallahassee,US,30.4383,-84.2807,2021-11-15 19:21:13,71.01,42,1,1.01,clear sky
576,Rameshki,RU,57.3439,36.0453,2021-11-15 19:21:14,27.73,81,94,6.29,overcast clouds
577,Uchiza,PE,-8.4592,-76.4633,2021-11-15 19:21:14,83.77,77,100,2.35,overcast clouds
578,Abu Dhabi,AE,24.4667,54.3667,2021-11-15 19:20:36,80.71,61,0,2.3,clear sky
579,Gushikawa,JP,26.3544,127.8686,2021-11-15 19:21:14,67.23,72,40,5.75,scattered clouds
580,Kaoma,ZM,-14.7833,24.8,2021-11-15 19:21:14,70.14,62,51,4.09,light rain
581,Kavieng,PG,-2.5744,150.7967,2021-11-15 19:21:15,81.0,80,100,10.49,moderate rain
582,Kwinana,AU,-32.25,115.7667,2021-11-15 19:21:15,64.24,77,96,5.97,overcast clouds
583,Swift Current,CA,50.2834,-107.8014,2021-11-15 19:21:16,38.21,100,90,11.5,overcast clouds
584,Fiumicino,IT,41.7675,12.2291,2021-11-15 19:21:16,60.76,88,0,1.14,clear sky
585,Sandwick,GB,60.0,-1.25,2021-11-15 19:17:19,49.82,76,40,20.71,scattered clouds
586,Yagodnoye,RU,62.55,149.6667,2021-11-15 19:21:16,2.07,99,95,0.98,overcast clouds
587,Dukat,RU,62.55,155.55,2021-11-15 19:13:41,0.9,100,99,0.56,overcast clouds
588,Naron,ES,43.5167,-8.1528,2021-11-15 19:21:17,58.59,80,100,13.04,overcast clouds
589,Bangangte,CM,5.1409,10.5198,2021-11-15 19:21:18,63.19,92,82,3.2,light rain
590,Nanortalik,GL,60.1432,-45.2371,2021-11-15 19:11:25,22.71,59,0,42.19,clear sky
591,Mana,GF,5.6592,-53.7767,2021-11-15 19:13:23,81.12,79,93,6.98,overcast clouds
592,Girne,CY,35.3417,33.3167,2021-11-15 19:21:18,63.95,54,3,3.0,clear sky
593,Lakes Entrance,AU,-37.8811,147.981,2021-11-15 19:21:18,46.17,73,87,14.65,light rain
594,Pedro Ii,BR,-4.4247,-41.4586,2021-11-15 19:11:19,86.7,36,62,3.71,broken clouds
595,Kralendijk,BQ,12.15,-68.2667,2021-11-15 19:21:19,85.98,70,40,12.66,scattered clouds
596,Sorland,NO,67.667,12.6934,2021-11-15 19:21:19,46.26,80,100,25.01,overcast clouds
597,La Palma,US,33.8464,-118.0467,2021-11-15 19:21:20,92.12,34,1,1.99,haze
598,Vetlanda,SE,57.4289,15.0776,2021-11-15 19:21:20,42.67,85,100,3.4,overcast clouds
599,Skibbereen,IE,51.55,-9.2667,2021-11-15 19:21:20,51.6,88,100,4.76,overcast clouds
600,Anloga,GH,5.7947,0.8973,2021-11-15 19:21:21,82.94,76,91,11.65,overcast clouds
601,Lazaro Cardenas,MX,17.9583,-102.2,2021-11-15 19:12:26,86.54,48,9,1.41,clear sky
602,Buala,SB,-8.145,159.5921,2021-11-15 19:21:21,80.83,80,96,5.95,overcast clouds
603,Fort Nelson,CA,58.8053,-122.7002,2021-11-15 19:13:24,14.97,92,100,4.65,light snow
604,Shellbrook,CA,53.2168,-106.4011,2021-11-15 19:21:22,27.63,91,100,3.51,overcast clouds
605,Muzhi,RU,65.3667,64.6667,2021-11-15 19:21:22,14.07,84,75,12.08,broken clouds
606,Prachuap Khiri Khan,TH,12.2167,99.75,2021-11-15 19:21:22,70.02,96,53,3.36,broken clouds
607,Kalmunai,LK,7.4167,81.8167,2021-11-15 19:21:23,79.38,82,97,0.67,overcast clouds
608,Batagay-Alyta,RU,67.8006,130.4114,2021-11-15 19:21:23,-12.95,89,91,3.67,overcast clouds
609,Limon,CR,10.0,-83.0333,2021-11-15 19:21:23,84.09,70,0,3.44,clear sky
610,Ust-Shonosha,RU,61.1531,41.343,2021-11-15 19:21:24,27.79,63,100,13.56,overcast clouds
611,Islamkot,PK,24.6997,70.177,2021-11-15 19:21:24,71.31,22,0,2.33,clear sky
612,Acapulco,MX,16.8634,-99.8901,2021-11-15 19:21:01,85.82,62,1,8.05,clear sky
613,Iquique,CL,-20.2208,-70.1431,2021-11-15 19:21:25,66.24,64,77,7.61,broken clouds
614,Muli,MV,2.9167,73.5667,2021-11-15 19:21:25,82.33,77,72,18.21,broken clouds
615,Bandundu,CD,-3.3167,17.3667,2021-11-15 19:21:26,74.59,89,51,4.18,light rain
616,Camacha,PT,33.0833,-16.3333,2021-11-15 19:13:04,65.53,63,40,8.05,scattered clouds
617,Yulara,AU,-25.2406,130.9889,2021-11-15 19:13:22,60.64,51,0,6.91,clear sky
618,Maymyo,MM,22.0333,96.4667,2021-11-15 19:21:26,61.18,96,41,0.38,scattered clouds
619,Khuzhir,RU,53.1939,107.3397,2021-11-15 19:13:23,32.65,70,87,1.81,overcast clouds
620,Ukiah,US,39.1502,-123.2078,2021-11-15 19:21:27,69.37,81,1,0.0,clear sky
621,Lichuan,CN,30.3,108.85,2021-11-15 19:21:28,45.14,83,100,0.98,overcast clouds
622,Gobabis,NA,-22.45,18.9667,2021-11-15 19:21:28,80.69,29,100,18.03,light rain
623,Hellin,ES,38.5106,-1.701,2021-11-15 19:21:28,51.15,52,0,7.47,clear sky
624,Griffith,US,41.5284,-87.4237,2021-11-15 19:21:29,35.01,87,90,1.01,light snow
625,Kon Tum,VN,14.35,108.0,2021-11-15 19:21:29,68.61,97,99,2.59,overcast clouds
626,Campbell River,CA,50.0163,-125.2446,2021-11-15 19:19:29,44.13,87,75,4.0,broken clouds
627,Shenjiamen,CN,29.9576,122.298,2021-11-15 19:21:29,60.66,58,96,6.46,overcast clouds
628,Whyalla,AU,-33.0333,137.5833,2021-11-15 19:12:36,55.29,82,90,10.36,overcast clouds
629,Warwick,US,41.7001,-71.4162,2021-11-15 19:17:11,50.5,57,75,11.5,broken clouds
630,Kangaatsiaq,GL,68.3065,-53.4641,2021-11-15 19:12:01,14.7,82,97,6.06,overcast clouds
631,Kita,ML,13.0349,-9.4895,2021-11-15 19:21:30,84.85,22,100,2.06,overcast clouds
632,Goderich,CA,43.7501,-81.7165,2021-11-15 19:21:30,39.9,81,100,17.27,overcast clouds
633,Plaridel,PH,14.8872,120.8572,2021-11-15 19:21:30,82.9,78,55,7.11,broken clouds
634,Bukachacha,RU,52.9833,116.9167,2021-11-15 19:21:31,15.75,92,13,1.92,few clouds
635,Baoshan,CN,46.5586,131.4244,2021-11-15 19:21:31,23.99,84,90,8.75,overcast clouds
636,Moerai,PF,-22.4333,-151.3333,2021-11-15 19:13:12,73.72,88,94,7.14,light rain
637,Misratah,LY,32.3754,15.0925,2021-11-15 19:21:31,69.48,45,0,6.98,clear sky
638,Hirara,JP,24.8,125.2833,2021-11-15 19:21:32,73.09,63,100,16.02,overcast clouds
639,Kununurra,AU,-15.7667,128.7333,2021-11-15 19:21:32,67.98,77,99,0.0,overcast clouds
640,Mao,ES,39.8885,4.2658,2021-11-15 19:21:33,57.76,82,75,25.32,broken clouds
641,Ormond Beach,US,29.2858,-81.0559,2021-11-15 19:21:33,75.16,51,1,9.22,clear sky
642,Chau Doc,VN,10.7,105.1167,2021-11-15 19:21:33,75.15,95,100,2.86,light rain
643,Dingzhou,CN,38.5131,114.9956,2021-11-15 19:21:34,39.31,81,0,3.27,clear sky
644,San Miguel,SV,13.4833,-88.1833,2021-11-15 19:19:36,94.6,50,40,2.3,scattered clouds
645,Severo-Yeniseyskiy,RU,60.3725,93.0408,2021-11-15 19:21:34,12.43,96,100,3.02,overcast clouds
646,Mukhen,RU,48.1,136.1,2021-11-15 19:21:34,18.61,80,97,9.22,overcast clouds
647,Melendugno,IT,40.2747,18.3368,2021-11-15 19:20:09,64.06,88,100,1.5,overcast clouds
648,Williams Lake,CA,52.1415,-122.1445,2021-11-15 19:21:35,35.17,95,90,1.01,snow
649,Kirakira,SB,-10.4544,161.9205,2021-11-15 19:21:35,79.45,81,57,5.91,broken clouds
650,Cabedelo,BR,-6.9811,-34.8339,2021-11-15 19:21:35,84.87,68,34,12.37,scattered clouds
651,Paltinoasa,RO,47.55,25.95,2021-11-15 19:21:36,44.74,79,100,3.69,overcast clouds
652,Jiayuguan,CN,39.8167,98.3,2021-11-15 19:21:36,31.37,29,45,6.85,scattered clouds
653,Galesong,ID,-5.3166,119.3661,2021-11-15 19:13:06,76.57,91,100,7.94,overcast clouds
654,Conde,BR,-7.2597,-34.9075,2021-11-15 19:21:36,83.66,65,40,13.8,scattered clouds
655,Kurumkan,RU,54.3,110.3,2021-11-15 19:21:37,17.6,91,49,2.55,scattered clouds
656,Lincoln,US,40.8,-96.667,2021-11-15 19:21:26,72.01,45,1,3.0,clear sky
657,Angoche,MZ,-16.2325,39.9086,2021-11-15 19:21:37,78.82,84,100,7.29,overcast clouds
658,Dwarka,IN,22.2394,68.9678,2021-11-15 19:21:38,78.22,48,100,6.78,overcast clouds
659,Gallup,US,35.5281,-108.7426,2021-11-15 19:21:38,65.16,21,1,1.01,clear sky
660,Statesville,US,35.7826,-80.8873,2021-11-15 19:21:38,60.42,29,1,1.01,clear sky
661,Calama,CL,-22.4667,-68.9333,2021-11-15 19:21:38,77.49,5,82,21.85,broken clouds
662,Bintulu,MY,3.1667,113.0333,2021-11-15 19:21:39,75.61,100,20,3.44,few clouds
663,Ust-Barguzin,RU,53.45,108.9833,2021-11-15 19:21:39,20.8,84,36,5.23,scattered clouds
664,Mount Darwin,ZW,-16.7725,31.5838,2021-11-15 19:21:39,72.97,65,7,7.14,clear sky
665,Galle,LK,6.0367,80.217,2021-11-15 19:20:02,80.04,84,100,14.5,overcast clouds
666,Nunoa,PE,-14.48,-70.6411,2021-11-15 19:21:40,59.32,43,100,6.26,overcast clouds
667,Quthing,LS,-30.4,27.7003,2021-11-15 19:21:40,71.2,33,100,0.69,overcast clouds
668,Rudnogorsk,RU,57.2639,103.7519,2021-11-15 19:21:40,14.52,97,100,4.23,overcast clouds
669,Marzuq,YE,14.4,46.4667,2021-11-15 19:21:41,69.24,38,5,0.69,clear sky
670,Maxixe,MZ,-23.8597,35.3472,2021-11-15 19:21:41,76.82,88,20,5.75,few clouds
671,Bubaque,GW,11.2833,-15.8333,2021-11-15 19:21:41,83.91,60,84,8.12,broken clouds
672,Namalenga,TZ,-10.95,39.1,2021-11-15 19:21:42,75.13,70,0,9.06,clear sky
673,Sarakhs,IR,36.5449,61.1577,2021-11-15 19:21:42,52.27,50,71,12.35,broken clouds
674,Constitucion,CL,-35.3333,-72.4167,2021-11-15 19:21:42,61.02,52,0,22.03,clear sky
675,Along,IN,28.1667,94.7667,2021-11-15 19:21:43,55.45,83,52,1.77,broken clouds
676,Log,RU,49.4844,43.8613,2021-11-15 19:21:43,28.56,79,10,16.78,clear sky
677,Panzhihua,CN,26.5851,101.7128,2021-11-15 19:21:43,55.27,82,0,2.68,clear sky
678,Vitim,RU,59.4511,112.5578,2021-11-15 19:12:09,26.62,97,100,5.17,light snow
679,Basco,PH,20.4487,121.9702,2021-11-15 19:21:44,77.92,77,80,23.89,broken clouds
680,Trelew,AR,-43.249,-65.3051,2021-11-15 19:21:44,56.62,46,79,30.18,broken clouds
681,Kelso,US,46.1468,-122.9084,2021-11-15 19:21:44,62.46,92,90,20.71,heavy intensity rain
682,Kuminskiy,RU,58.6667,66.5667,2021-11-15 19:21:45,18.03,91,100,8.39,overcast clouds
683,Mtambile,TZ,-5.3833,39.7,2021-11-15 19:21:45,78.64,80,23,11.3,few clouds
684,Mutoko,ZW,-17.397,32.2268,2021-11-15 19:21:45,68.38,67,0,9.66,clear sky
685,Alice Springs,AU,-23.7,133.8833,2021-11-15 19:19:40,56.75,62,4,5.75,clear sky
686,Axim,GH,4.8699,-2.2405,2021-11-15 19:21:46,80.02,82,100,7.9,overcast clouds
687,Taksimo,RU,56.3444,114.8794,2021-11-15 19:12:17,6.44,89,45,1.12,scattered clouds
688,Lasa,IT,46.6166,10.7002,2021-11-15 19:21:46,44.02,89,95,1.63,overcast clouds
689,Veraval,IN,20.9,70.3667,2021-11-15 19:21:47,76.71,40,51,12.77,broken clouds
690,Qena,EG,26.1615,32.7183,2021-11-15 19:21:47,75.25,36,0,7.18,clear sky
691,Uni,RU,57.7535,51.4923,2021-11-15 19:21:48,13.84,96,100,5.68,overcast clouds
692,Luoyang,CN,34.6836,112.4536,2021-11-15 19:21:48,47.12,64,38,4.79,scattered clouds
693,Noshiro,JP,40.2039,140.0242,2021-11-15 19:21:48,47.32,58,100,8.52,overcast clouds
694,Sant Julia De Loria,AD,42.4625,1.4825,2021-11-15 19:21:49,43.59,94,82,8.57,broken clouds
695,Belmonte,BR,-15.8631,-38.8828,2021-11-15 19:21:49,72.1,90,100,13.04,overcast clouds
696,Shache,CN,38.4167,77.2406,2021-11-15 19:21:50,39.9,30,0,3.74,clear sky
697,Englewood,US,39.6478,-104.9878,2021-11-15 19:21:50,76.32,15,75,1.01,broken clouds
698,Peace River,CA,56.2501,-117.286,2021-11-15 19:18:54,25.11,93,90,12.66,overcast clouds
699,Cukai,MY,4.25,103.4167,2021-11-15 19:21:50,78.94,90,100,2.68,overcast clouds
700,Uppsala,SE,60.0,17.75,2021-11-15 19:21:51,39.78,83,90,10.36,overcast clouds
701,Half Moon Bay,US,37.4636,-122.4286,2021-11-15 19:21:51,73.89,83,1,0.0,haze
702,Cayeli,TR,41.0923,40.7292,2021-11-15 19:21:51,56.95,81,100,4.09,overcast clouds
703,Pauini,BR,-7.7136,-66.9764,2021-11-15 19:21:52,88.05,59,100,4.07,overcast clouds
704,Mamontovo,RU,52.7055,81.6244,2021-11-15 19:21:52,26.06,93,100,12.19,light snow
